{"__symbolic":"module","version":4,"metadata":{"higherOrderServiceFactory":{"__symbolic":"function","parameters":["injector"],"value":{"__symbolic":"call","expression":{"__symbolic":"select","expression":{"__symbolic":"reference","name":"injector"},"member":"get"},"arguments":[{"__symbolic":"reference","name":"NzTreeSelectService"}]}},"NzTreeSelectComponent":{"__symbolic":"class","extends":{"__symbolic":"reference","module":"ng-zorro-antd/core/tree","name":"NzTreeBase","line":205,"character":43},"decorators":[{"__symbolic":"call","expression":{"__symbolic":"reference","module":"@angular/core","name":"Component","line":58,"character":1},"arguments":[{"selector":"nz-tree-select","exportAs":"nzTreeSelect","animations":[{"__symbolic":"reference","module":"ng-zorro-antd/core/animation","name":"slideMotion","line":61,"character":15},{"__symbolic":"reference","module":"ng-zorro-antd/core/animation","name":"zoomMotion","line":61,"character":28}],"template":"\n    <ng-template\n      cdkConnectedOverlay\n      nzConnectedOverlay\n      [cdkConnectedOverlayOrigin]=\"cdkOverlayOrigin\"\n      [cdkConnectedOverlayOpen]=\"nzOpen\"\n      [cdkConnectedOverlayHasBackdrop]=\"true\"\n      [cdkConnectedOverlayMinWidth]=\"$any(nzDropdownMatchSelectWidth ? null : triggerWidth)\"\n      [cdkConnectedOverlayWidth]=\"$any(nzDropdownMatchSelectWidth ? triggerWidth : null)\"\n      (backdropClick)=\"closeDropDown()\"\n      (detach)=\"closeDropDown()\"\n      (positionChange)=\"onPositionChange($event)\"\n    >\n      <div\n        [ngClass]=\"dropdownClassName\"\n        [@slideMotion]=\"nzOpen ? dropDownPosition : 'void'\"\n        [@.disabled]=\"noAnimation?.nzNoAnimation\"\n        [nzNoAnimation]=\"noAnimation?.nzNoAnimation\"\n        [class.ant-select-dropdown-placement-bottomLeft]=\"dropDownPosition === 'bottom'\"\n        [class.ant-select-dropdown-placement-topLeft]=\"dropDownPosition === 'top'\"\n        [ngStyle]=\"nzDropdownStyle\"\n      >\n        <nz-tree\n          #treeRef\n          [hidden]=\"isNotFound\"\n          nzNoAnimation\n          nzSelectMode\n          [nzData]=\"nzNodes\"\n          [nzMultiple]=\"nzMultiple\"\n          [nzSearchValue]=\"inputValue\"\n          [nzHideUnMatched]=\"nzHideUnMatched\"\n          [nzShowIcon]=\"nzShowIcon\"\n          [nzCheckable]=\"nzCheckable\"\n          [nzAsyncData]=\"nzAsyncData\"\n          [nzShowExpand]=\"nzShowExpand\"\n          [nzShowLine]=\"nzShowLine\"\n          [nzExpandedIcon]=\"nzExpandedIcon\"\n          [nzExpandAll]=\"nzDefaultExpandAll\"\n          [nzExpandedKeys]=\"expandedKeys\"\n          [nzCheckedKeys]=\"nzCheckable ? value : []\"\n          [nzSelectedKeys]=\"!nzCheckable ? value : []\"\n          [nzTreeTemplate]=\"treeTemplate\"\n          [nzCheckStrictly]=\"nzCheckStrictly\"\n          (nzExpandChange)=\"onExpandedKeysChange($event)\"\n          (nzClick)=\"nzTreeClick.emit($event)\"\n          (nzCheckedKeysChange)=\"updateSelectedNodes()\"\n          (nzSelectedKeysChange)=\"updateSelectedNodes()\"\n          (nzCheckBoxChange)=\"nzTreeCheckBoxChange.emit($event)\"\n          (nzSearchValueChange)=\"setSearchValues($event)\"\n        >\n        </nz-tree>\n        <span *ngIf=\"nzNodes.length === 0 || isNotFound\" class=\"ant-select-not-found\">\n          <nz-embed-empty [nzComponentName]=\"'tree-select'\" [specificContent]=\"nzNotFoundContent\"></nz-embed-empty>\n        </span>\n      </div>\n    </ng-template>\n\n    <div cdkOverlayOrigin class=\"ant-select-selector\">\n      <ng-container *ngIf=\"isMultiple\">\n        <nz-select-item\n          *ngFor=\"let node of selectedNodes | slice: 0:nzMaxTagCount; trackBy: trackValue\"\n          [@zoomMotion]\n          [@.disabled]=\"noAnimation?.nzNoAnimation\"\n          [nzNoAnimation]=\"noAnimation?.nzNoAnimation\"\n          [deletable]=\"true\"\n          [disabled]=\"node.isDisabled || nzDisabled\"\n          [label]=\"nzDisplayWith(node)\"\n          (@zoomMotion.done)=\"updatePosition()\"\n          (delete)=\"removeSelected(node, true)\"\n        ></nz-select-item>\n\n        <nz-select-item\n          *ngIf=\"selectedNodes.length > nzMaxTagCount\"\n          [@zoomMotion]\n          (@zoomMotion.done)=\"updatePosition()\"\n          [@.disabled]=\"noAnimation?.nzNoAnimation\"\n          [nzNoAnimation]=\"noAnimation?.nzNoAnimation\"\n          [contentTemplateOutlet]=\"nzMaxTagPlaceholder\"\n          [contentTemplateOutletContext]=\"selectedNodes | slice: nzMaxTagCount\"\n          [deletable]=\"false\"\n          [disabled]=\"false\"\n          [label]=\"'+ ' + (selectedNodes.length - nzMaxTagCount) + ' ...'\"\n        ></nz-select-item>\n      </ng-container>\n\n      <nz-select-search\n        *ngIf=\"nzShowSearch\"\n        (keydown)=\"onKeyDownInput($event)\"\n        (isComposingChange)=\"isComposing = $event\"\n        (valueChange)=\"setInputValue($event)\"\n        [value]=\"inputValue\"\n        [mirrorSync]=\"isMultiple\"\n        [disabled]=\"nzDisabled\"\n        [showInput]=\"nzOpen\"\n      >\n      </nz-select-search>\n\n      <nz-select-placeholder\n        *ngIf=\"nzPlaceHolder && selectedNodes.length === 0\"\n        [placeholder]=\"nzPlaceHolder\"\n        [style.display]=\"placeHolderDisplay\"\n      >\n      </nz-select-placeholder>\n\n      <nz-select-item\n        *ngIf=\"!isMultiple && selectedNodes.length === 1\"\n        [deletable]=\"false\"\n        [disabled]=\"false\"\n        [label]=\"nzDisplayWith(selectedNodes[0])\"\n      ></nz-select-item>\n\n      <nz-select-arrow *ngIf=\"!isMultiple\"></nz-select-arrow>\n\n      <nz-select-clear *ngIf=\"nzAllowClear\" (clear)=\"onClearSelection()\"></nz-select-clear>\n    </div>\n  ","providers":[{"__symbolic":"reference","name":"NzTreeSelectService"},{"provide":{"__symbolic":"reference","module":"ng-zorro-antd/core/tree","name":"NzTreeHigherOrderServiceToken","line":181,"character":15},"useFactory":{"__symbolic":"reference","name":"higherOrderServiceFactory"},"deps":[[{"__symbolic":"new","expression":{"__symbolic":"reference","module":"@angular/core","name":"Self","line":183,"character":18}},{"__symbolic":"reference","module":"@angular/core","name":"Injector","line":183,"character":26}]]},{"provide":{"__symbolic":"reference","module":"@angular/forms","name":"NG_VALUE_ACCESSOR","line":186,"character":15},"useExisting":{"__symbolic":"reference","name":"NzTreeSelectComponent"},"multi":true}],"host":{"[class.ant-select-lg]":"nzSize===\"large\"","[class.ant-select-sm]":"nzSize===\"small\"","[class.ant-select-enabled]":"!nzDisabled","[class.ant-select-disabled]":"nzDisabled","[class.ant-select-single]":"!isMultiple","[class.ant-select-show-arrow]":"!isMultiple","[class.ant-select-show-search]":"!isMultiple","[class.ant-select-multiple]":"isMultiple","[class.ant-select-allow-clear]":"nzAllowClear","[class.ant-select-open]":"nzOpen","(click)":"trigger()","$quoted$":["[class.ant-select-lg]","[class.ant-select-sm]","[class.ant-select-enabled]","[class.ant-select-disabled]","[class.ant-select-single]","[class.ant-select-show-arrow]","[class.ant-select-show-search]","[class.ant-select-multiple]","[class.ant-select-allow-clear]","[class.ant-select-open]","(click)"]}}]}],"members":{"nzAllowClear":[{"__symbolic":"property","decorators":[{"__symbolic":"call","expression":{"__symbolic":"reference","module":"@angular/core","name":"Input","line":220,"character":3}},{"__symbolic":"call","expression":{"__symbolic":"reference","module":"ng-zorro-antd/core/util","name":"InputBoolean","line":220,"character":12}}]}],"nzShowExpand":[{"__symbolic":"property","decorators":[{"__symbolic":"call","expression":{"__symbolic":"reference","module":"@angular/core","name":"Input","line":221,"character":3}},{"__symbolic":"call","expression":{"__symbolic":"reference","module":"ng-zorro-antd/core/util","name":"InputBoolean","line":221,"character":12}}]}],"nzShowLine":[{"__symbolic":"property","decorators":[{"__symbolic":"call","expression":{"__symbolic":"reference","module":"@angular/core","name":"Input","line":222,"character":3}},{"__symbolic":"call","expression":{"__symbolic":"reference","module":"ng-zorro-antd/core/util","name":"InputBoolean","line":222,"character":12}}]}],"nzDropdownMatchSelectWidth":[{"__symbolic":"property","decorators":[{"__symbolic":"call","expression":{"__symbolic":"reference","module":"@angular/core","name":"Input","line":223,"character":3}},{"__symbolic":"call","expression":{"__symbolic":"reference","module":"ng-zorro-antd/core/util","name":"InputBoolean","line":223,"character":12}},{"__symbolic":"call","expression":{"__symbolic":"reference","module":"ng-zorro-antd/core/config","name":"WithConfig","line":223,"character":28},"arguments":["treeSelect"]}]}],"nzCheckable":[{"__symbolic":"property","decorators":[{"__symbolic":"call","expression":{"__symbolic":"reference","module":"@angular/core","name":"Input","line":224,"character":3}},{"__symbolic":"call","expression":{"__symbolic":"reference","module":"ng-zorro-antd/core/util","name":"InputBoolean","line":224,"character":12}}]}],"nzHideUnMatched":[{"__symbolic":"property","decorators":[{"__symbolic":"call","expression":{"__symbolic":"reference","module":"@angular/core","name":"Input","line":225,"character":3}},{"__symbolic":"call","expression":{"__symbolic":"reference","module":"ng-zorro-antd/core/util","name":"InputBoolean","line":225,"character":12}},{"__symbolic":"call","expression":{"__symbolic":"reference","module":"ng-zorro-antd/core/config","name":"WithConfig","line":225,"character":28},"arguments":["treeSelect"]}]}],"nzShowIcon":[{"__symbolic":"property","decorators":[{"__symbolic":"call","expression":{"__symbolic":"reference","module":"@angular/core","name":"Input","line":226,"character":3}},{"__symbolic":"call","expression":{"__symbolic":"reference","module":"ng-zorro-antd/core/util","name":"InputBoolean","line":226,"character":12}},{"__symbolic":"call","expression":{"__symbolic":"reference","module":"ng-zorro-antd/core/config","name":"WithConfig","line":226,"character":28},"arguments":["treeSelect"]}]}],"nzShowSearch":[{"__symbolic":"property","decorators":[{"__symbolic":"call","expression":{"__symbolic":"reference","module":"@angular/core","name":"Input","line":227,"character":3}},{"__symbolic":"call","expression":{"__symbolic":"reference","module":"ng-zorro-antd/core/util","name":"InputBoolean","line":227,"character":12}}]}],"nzDisabled":[{"__symbolic":"property","decorators":[{"__symbolic":"call","expression":{"__symbolic":"reference","module":"@angular/core","name":"Input","line":228,"character":3}},{"__symbolic":"call","expression":{"__symbolic":"reference","module":"ng-zorro-antd/core/util","name":"InputBoolean","line":228,"character":12}}]}],"nzAsyncData":[{"__symbolic":"property","decorators":[{"__symbolic":"call","expression":{"__symbolic":"reference","module":"@angular/core","name":"Input","line":229,"character":3}},{"__symbolic":"call","expression":{"__symbolic":"reference","module":"ng-zorro-antd/core/util","name":"InputBoolean","line":229,"character":12}}]}],"nzMultiple":[{"__symbolic":"property","decorators":[{"__symbolic":"call","expression":{"__symbolic":"reference","module":"@angular/core","name":"Input","line":230,"character":3}},{"__symbolic":"call","expression":{"__symbolic":"reference","module":"ng-zorro-antd/core/util","name":"InputBoolean","line":230,"character":12}}]}],"nzDefaultExpandAll":[{"__symbolic":"property","decorators":[{"__symbolic":"call","expression":{"__symbolic":"reference","module":"@angular/core","name":"Input","line":231,"character":3}},{"__symbolic":"call","expression":{"__symbolic":"reference","module":"ng-zorro-antd/core/util","name":"InputBoolean","line":231,"character":12}}]}],"nzCheckStrictly":[{"__symbolic":"property","decorators":[{"__symbolic":"call","expression":{"__symbolic":"reference","module":"@angular/core","name":"Input","line":232,"character":3}},{"__symbolic":"call","expression":{"__symbolic":"reference","module":"ng-zorro-antd/core/util","name":"InputBoolean","line":232,"character":12}}]}],"nzExpandedIcon":[{"__symbolic":"property","decorators":[{"__symbolic":"call","expression":{"__symbolic":"reference","module":"@angular/core","name":"Input","line":233,"character":3}}]}],"nzNotFoundContent":[{"__symbolic":"property","decorators":[{"__symbolic":"call","expression":{"__symbolic":"reference","module":"@angular/core","name":"Input","line":234,"character":3}}]}],"nzNodes":[{"__symbolic":"property","decorators":[{"__symbolic":"call","expression":{"__symbolic":"reference","module":"@angular/core","name":"Input","line":235,"character":3}}]}],"nzOpen":[{"__symbolic":"property","decorators":[{"__symbolic":"call","expression":{"__symbolic":"reference","module":"@angular/core","name":"Input","line":236,"character":3}}]}],"nzSize":[{"__symbolic":"property","decorators":[{"__symbolic":"call","expression":{"__symbolic":"reference","module":"@angular/core","name":"Input","line":237,"character":3}},{"__symbolic":"call","expression":{"__symbolic":"reference","module":"ng-zorro-antd/core/config","name":"WithConfig","line":237,"character":12},"arguments":["treeSelect"]}]}],"nzPlaceHolder":[{"__symbolic":"property","decorators":[{"__symbolic":"call","expression":{"__symbolic":"reference","module":"@angular/core","name":"Input","line":238,"character":3}}]}],"nzDropdownStyle":[{"__symbolic":"property","decorators":[{"__symbolic":"call","expression":{"__symbolic":"reference","module":"@angular/core","name":"Input","line":239,"character":3}}]}],"nzDropdownClassName":[{"__symbolic":"property","decorators":[{"__symbolic":"call","expression":{"__symbolic":"reference","module":"@angular/core","name":"Input","line":240,"character":3}}]}],"nzExpandedKeys":[{"__symbolic":"property","decorators":[{"__symbolic":"call","expression":{"__symbolic":"reference","module":"@angular/core","name":"Input","line":241,"character":3}}]}],"nzDisplayWith":[{"__symbolic":"property","decorators":[{"__symbolic":"call","expression":{"__symbolic":"reference","module":"@angular/core","name":"Input","line":249,"character":3}}]}],"nzMaxTagCount":[{"__symbolic":"property","decorators":[{"__symbolic":"call","expression":{"__symbolic":"reference","module":"@angular/core","name":"Input","line":250,"character":3}}]}],"nzMaxTagPlaceholder":[{"__symbolic":"property","decorators":[{"__symbolic":"call","expression":{"__symbolic":"reference","module":"@angular/core","name":"Input","line":251,"character":3}}]}],"nzOpenChange":[{"__symbolic":"property","decorators":[{"__symbolic":"call","expression":{"__symbolic":"reference","module":"@angular/core","name":"Output","line":252,"character":3}}]}],"nzCleared":[{"__symbolic":"property","decorators":[{"__symbolic":"call","expression":{"__symbolic":"reference","module":"@angular/core","name":"Output","line":253,"character":3}}]}],"nzRemoved":[{"__symbolic":"property","decorators":[{"__symbolic":"call","expression":{"__symbolic":"reference","module":"@angular/core","name":"Output","line":254,"character":3}}]}],"nzExpandChange":[{"__symbolic":"property","decorators":[{"__symbolic":"call","expression":{"__symbolic":"reference","module":"@angular/core","name":"Output","line":255,"character":3}}]}],"nzTreeClick":[{"__symbolic":"property","decorators":[{"__symbolic":"call","expression":{"__symbolic":"reference","module":"@angular/core","name":"Output","line":256,"character":3}}]}],"nzTreeCheckBoxChange":[{"__symbolic":"property","decorators":[{"__symbolic":"call","expression":{"__symbolic":"reference","module":"@angular/core","name":"Output","line":257,"character":3}}]}],"nzSelectSearchComponent":[{"__symbolic":"property","decorators":[{"__symbolic":"call","expression":{"__symbolic":"reference","module":"@angular/core","name":"ViewChild","line":259,"character":3},"arguments":[{"__symbolic":"reference","module":"ng-zorro-antd/select","name":"NzSelectSearchComponent","line":259,"character":13},{"static":false}]}]}],"treeRef":[{"__symbolic":"property","decorators":[{"__symbolic":"call","expression":{"__symbolic":"reference","module":"@angular/core","name":"ViewChild","line":260,"character":3},"arguments":["treeRef",{"static":false}]}]}],"cdkOverlayOrigin":[{"__symbolic":"property","decorators":[{"__symbolic":"call","expression":{"__symbolic":"reference","module":"@angular/core","name":"ViewChild","line":261,"character":3},"arguments":[{"__symbolic":"reference","module":"@angular/cdk/overlay","name":"CdkOverlayOrigin","line":261,"character":13},{"static":true}]}]}],"cdkConnectedOverlay":[{"__symbolic":"property","decorators":[{"__symbolic":"call","expression":{"__symbolic":"reference","module":"@angular/core","name":"ViewChild","line":262,"character":3},"arguments":[{"__symbolic":"reference","module":"@angular/cdk/overlay","name":"CdkConnectedOverlay","line":262,"character":13},{"static":false}]}]}],"nzTreeTemplate":[{"__symbolic":"property","decorators":[{"__symbolic":"call","expression":{"__symbolic":"reference","module":"@angular/core","name":"Input","line":264,"character":3}}]}],"nzTreeTemplateChild":[{"__symbolic":"property","decorators":[{"__symbolic":"call","expression":{"__symbolic":"reference","module":"@angular/core","name":"ContentChild","line":265,"character":3},"arguments":["nzTreeTemplate",{"static":true}]}]}],"__ctor__":[{"__symbolic":"constructor","parameterDecorators":[null,null,null,null,null,[{"__symbolic":"call","expression":{"__symbolic":"reference","module":"@angular/core","name":"Host","line":299,"character":5}},{"__symbolic":"call","expression":{"__symbolic":"reference","module":"@angular/core","name":"Optional","line":299,"character":13}}]],"parameters":[{"__symbolic":"reference","name":"NzTreeSelectService"},{"__symbolic":"reference","module":"ng-zorro-antd/core/config","name":"NzConfigService","line":295,"character":28},{"__symbolic":"reference","module":"@angular/core","name":"Renderer2","line":296,"character":22},{"__symbolic":"reference","module":"@angular/core","name":"ChangeDetectorRef","line":297,"character":17},{"__symbolic":"reference","module":"@angular/core","name":"ElementRef","line":298,"character":24},{"__symbolic":"reference","module":"ng-zorro-antd/core/no-animation","name":"NzNoAnimationDirective","line":299,"character":45}]}],"ngOnInit":[{"__symbolic":"method"}],"ngOnDestroy":[{"__symbolic":"method"}],"setDisabledState":[{"__symbolic":"method"}],"ngOnChanges":[{"__symbolic":"method"}],"writeValue":[{"__symbolic":"method"}],"registerOnChange":[{"__symbolic":"method"}],"registerOnTouched":[{"__symbolic":"method"}],"trigger":[{"__symbolic":"method"}],"openDropdown":[{"__symbolic":"method"}],"closeDropDown":[{"__symbolic":"method"}],"onKeyDownInput":[{"__symbolic":"method"}],"onExpandedKeysChange":[{"__symbolic":"method"}],"setInputValue":[{"__symbolic":"method"}],"removeSelected":[{"__symbolic":"method"}],"focusOnInput":[{"__symbolic":"method"}],"subscribeSelectionChange":[{"__symbolic":"method"}],"updateSelectedNodes":[{"__symbolic":"method"}],"updatePosition":[{"__symbolic":"method"}],"onPositionChange":[{"__symbolic":"method"}],"onClearSelection":[{"__symbolic":"method"}],"setSearchValues":[{"__symbolic":"method"}],"updateCdkConnectedOverlayStatus":[{"__symbolic":"method"}],"trackValue":[{"__symbolic":"method"}]}},"NzTreeSelectModule":{"__symbolic":"class","decorators":[{"__symbolic":"call","expression":{"__symbolic":"reference","module":"@angular/core","name":"NgModule","line":19,"character":1},"arguments":[{"imports":[{"__symbolic":"reference","module":"@angular/common","name":"CommonModule","line":21,"character":4},{"__symbolic":"reference","module":"@angular/cdk/overlay","name":"OverlayModule","line":22,"character":4},{"__symbolic":"reference","module":"@angular/forms","name":"FormsModule","line":23,"character":4},{"__symbolic":"reference","module":"ng-zorro-antd/select","name":"NzSelectModule","line":24,"character":4},{"__symbolic":"reference","module":"ng-zorro-antd/tree","name":"NzTreeModule","line":25,"character":4},{"__symbolic":"reference","module":"ng-zorro-antd/icon","name":"NzIconModule","line":26,"character":4},{"__symbolic":"reference","module":"ng-zorro-antd/empty","name":"NzEmptyModule","line":27,"character":4},{"__symbolic":"reference","module":"ng-zorro-antd/core/overlay","name":"NzOverlayModule","line":28,"character":4},{"__symbolic":"reference","module":"ng-zorro-antd/core/no-animation","name":"NzNoAnimationModule","line":29,"character":4}],"declarations":[{"__symbolic":"reference","name":"NzTreeSelectComponent"}],"exports":[{"__symbolic":"reference","name":"NzTreeSelectComponent"}]}]}],"members":{}},"NzTreeSelectService":{"__symbolic":"class","extends":{"__symbolic":"reference","module":"ng-zorro-antd/core/tree","name":"NzTreeBaseService","line":10,"character":41},"decorators":[{"__symbolic":"call","expression":{"__symbolic":"reference","module":"@angular/core","name":"Injectable","line":9,"character":1}}],"members":{}}},"origins":{"higherOrderServiceFactory":"./tree-select.component","NzTreeSelectComponent":"./tree-select.component","NzTreeSelectModule":"./tree-select.module","NzTreeSelectService":"./tree-select.service"},"importAs":"ng-zorro-antd/tree-select"}