{"__symbolic":"module","version":4,"metadata":{"NzTabBodyComponent":{"__symbolic":"class","decorators":[{"__symbolic":"call","expression":{"__symbolic":"reference","module":"@angular/core","name":"Component","line":7,"character":1},"arguments":[{"selector":"[nz-tab-body]","exportAs":"nzTabBody","preserveWhitespaces":false,"encapsulation":{"__symbolic":"select","expression":{"__symbolic":"reference","module":"@angular/core","name":"ViewEncapsulation","line":11,"character":17},"member":"None"},"changeDetection":{"__symbolic":"select","expression":{"__symbolic":"reference","module":"@angular/core","name":"ChangeDetectionStrategy","line":12,"character":19},"member":"OnPush"},"template":"\n    <ng-container *ngIf=\"active || forceRender\">\n      <ng-template [ngTemplateOutlet]=\"content\"></ng-template>\n    </ng-container>\n  ","host":{"[class.ant-tabs-tabpane-active]":"active","[class.ant-tabs-tabpane-inactive]":"!active","$quoted$":["[class.ant-tabs-tabpane-active]","[class.ant-tabs-tabpane-inactive]"]}}]}],"members":{"content":[{"__symbolic":"property","decorators":[{"__symbolic":"call","expression":{"__symbolic":"reference","module":"@angular/core","name":"Input","line":24,"character":3}}]}],"active":[{"__symbolic":"property","decorators":[{"__symbolic":"call","expression":{"__symbolic":"reference","module":"@angular/core","name":"Input","line":25,"character":3}}]}],"forceRender":[{"__symbolic":"property","decorators":[{"__symbolic":"call","expression":{"__symbolic":"reference","module":"@angular/core","name":"Input","line":26,"character":3}}]}]}},"NzTabLabelDirective":{"__symbolic":"class","decorators":[{"__symbolic":"call","expression":{"__symbolic":"reference","module":"@angular/core","name":"Directive","line":10,"character":1},"arguments":[{"selector":"[nz-tab-label]","exportAs":"nzTabLabel","host":{"[class.ant-tabs-tab-disabled]":"disabled","$quoted$":["[class.ant-tabs-tab-disabled]"]}}]}],"members":{"disabled":[{"__symbolic":"property","decorators":[{"__symbolic":"call","expression":{"__symbolic":"reference","module":"@angular/core","name":"Input","line":20,"character":3}},{"__symbolic":"call","expression":{"__symbolic":"reference","module":"ng-zorro-antd/core/util","name":"InputBoolean","line":20,"character":12}}]}],"__ctor__":[{"__symbolic":"constructor","parameters":[{"__symbolic":"reference","module":"@angular/core","name":"ElementRef","line":22,"character":33},{"__symbolic":"reference","module":"@angular/core","name":"Renderer2","line":22,"character":55}]}],"getOffsetLeft":[{"__symbolic":"method"}],"getOffsetWidth":[{"__symbolic":"method"}],"getOffsetTop":[{"__symbolic":"method"}],"getOffsetHeight":[{"__symbolic":"method"}]}},"NzTabComponent":{"__symbolic":"class","decorators":[{"__symbolic":"call","expression":{"__symbolic":"reference","module":"@angular/core","name":"Component","line":29,"character":1},"arguments":[{"selector":"nz-tab","exportAs":"nzTab","preserveWhitespaces":false,"encapsulation":{"__symbolic":"select","expression":{"__symbolic":"reference","module":"@angular/core","name":"ViewEncapsulation","line":33,"character":17},"member":"None"},"changeDetection":{"__symbolic":"select","expression":{"__symbolic":"reference","module":"@angular/core","name":"ChangeDetectionStrategy","line":34,"character":19},"member":"OnPush"},"template":"\n    <ng-template #titleTpl>\n      <ng-content select=\"[nz-tab-link]\"></ng-content>\n    </ng-template>\n    <ng-template #bodyTpl>\n      <ng-content></ng-content>\n    </ng-template>\n  "}]}],"members":{"content":[{"__symbolic":"property","decorators":[{"__symbolic":"call","expression":{"__symbolic":"reference","module":"@angular/core","name":"ViewChild","line":52,"character":3},"arguments":["bodyTpl",{"static":true}]}]}],"title":[{"__symbolic":"property","decorators":[{"__symbolic":"call","expression":{"__symbolic":"reference","module":"@angular/core","name":"ViewChild","line":53,"character":3},"arguments":["titleTpl",{"static":true}]}]}],"template":[{"__symbolic":"property","decorators":[{"__symbolic":"call","expression":{"__symbolic":"reference","module":"@angular/core","name":"ContentChild","line":54,"character":3},"arguments":[{"__symbolic":"reference","name":"NzTabDirective"},{"static":false,"read":{"__symbolic":"reference","module":"@angular/core","name":"TemplateRef","line":54,"character":55}}]}]}],"linkDirective":[{"__symbolic":"property","decorators":[{"__symbolic":"call","expression":{"__symbolic":"reference","module":"@angular/core","name":"ContentChild","line":55,"character":3},"arguments":[{"__symbolic":"reference","name":"NzTabLinkDirective"},{"static":false}]}]}],"nzTitle":[{"__symbolic":"property","decorators":[{"__symbolic":"call","expression":{"__symbolic":"reference","module":"@angular/core","name":"Input","line":56,"character":3}}]}],"nzRouterIdentifier":[{"__symbolic":"property","decorators":[{"__symbolic":"call","expression":{"__symbolic":"reference","module":"@angular/core","name":"Input","line":57,"character":3}}]}],"nzForceRender":[{"__symbolic":"property","decorators":[{"__symbolic":"call","expression":{"__symbolic":"reference","module":"@angular/core","name":"Input","line":58,"character":3}},{"__symbolic":"call","expression":{"__symbolic":"reference","module":"ng-zorro-antd/core/util","name":"InputBoolean","line":58,"character":12}}]}],"nzDisabled":[{"__symbolic":"property","decorators":[{"__symbolic":"call","expression":{"__symbolic":"reference","module":"@angular/core","name":"Input","line":59,"character":3}},{"__symbolic":"call","expression":{"__symbolic":"reference","module":"ng-zorro-antd/core/util","name":"InputBoolean","line":59,"character":12}}]}],"nzClick":[{"__symbolic":"property","decorators":[{"__symbolic":"call","expression":{"__symbolic":"reference","module":"@angular/core","name":"Output","line":60,"character":3}}]}],"nzSelect":[{"__symbolic":"property","decorators":[{"__symbolic":"call","expression":{"__symbolic":"reference","module":"@angular/core","name":"Output","line":61,"character":3}}]}],"nzDeselect":[{"__symbolic":"property","decorators":[{"__symbolic":"call","expression":{"__symbolic":"reference","module":"@angular/core","name":"Output","line":62,"character":3}}]}],"__ctor__":[{"__symbolic":"constructor","parameters":[{"__symbolic":"reference","module":"@angular/core","name":"ElementRef","line":64,"character":33},{"__symbolic":"reference","module":"@angular/core","name":"Renderer2","line":64,"character":63}]}],"ngOnChanges":[{"__symbolic":"method"}],"ngOnDestroy":[{"__symbolic":"method"}]}},"NzTabsInkBarDirective":{"__symbolic":"class","decorators":[{"__symbolic":"call","expression":{"__symbolic":"reference","module":"@angular/core","name":"Directive","line":10,"character":1},"arguments":[{"selector":"[nz-tabs-ink-bar]","exportAs":"nzTabsInkBar","host":{"[class.ant-tabs-ink-bar-animated]":"nzAnimated","[class.ant-tabs-ink-bar-no-animated]":"!nzAnimated","$quoted$":["[class.ant-tabs-ink-bar-animated]","[class.ant-tabs-ink-bar-no-animated]"]}}]}],"members":{"nzAnimated":[{"__symbolic":"property","decorators":[{"__symbolic":"call","expression":{"__symbolic":"reference","module":"@angular/core","name":"Input","line":21,"character":3}},{"__symbolic":"call","expression":{"__symbolic":"reference","module":"ng-zorro-antd/core/util","name":"InputBoolean","line":21,"character":12}}]}],"nzPositionMode":[{"__symbolic":"property","decorators":[{"__symbolic":"call","expression":{"__symbolic":"reference","module":"@angular/core","name":"Input","line":23,"character":3}}]}],"__ctor__":[{"__symbolic":"constructor","parameters":[{"__symbolic":"reference","module":"@angular/core","name":"Renderer2","line":25,"character":32},{"__symbolic":"reference","module":"@angular/core","name":"ElementRef","line":25,"character":63},{"__symbolic":"reference","module":"@angular/core","name":"NgZone","line":25,"character":91}]}],"alignToElement":[{"__symbolic":"method"}],"setStyles":[{"__symbolic":"method"}],"getLeftPosition":[{"__symbolic":"method"}],"getElementWidth":[{"__symbolic":"method"}],"getTopPosition":[{"__symbolic":"method"}],"getElementHeight":[{"__symbolic":"method"}]}},"NzTabsModule":{"__symbolic":"class","decorators":[{"__symbolic":"call","expression":{"__symbolic":"reference","module":"@angular/core","name":"NgModule","line":20,"character":1},"arguments":[{"declarations":[{"__symbolic":"reference","name":"NzTabComponent"},{"__symbolic":"reference","name":"NzTabDirective"},{"__symbolic":"reference","name":"NzTabSetComponent"},{"__symbolic":"reference","name":"NzTabsNavComponent"},{"__symbolic":"reference","name":"NzTabLabelDirective"},{"__symbolic":"reference","name":"NzTabsInkBarDirective"},{"__symbolic":"reference","name":"NzTabBodyComponent"},{"__symbolic":"reference","name":"NzTabLinkDirective"}],"exports":[{"__symbolic":"reference","name":"NzTabComponent"},{"__symbolic":"reference","name":"NzTabDirective"},{"__symbolic":"reference","name":"NzTabSetComponent"},{"__symbolic":"reference","name":"NzTabsNavComponent"},{"__symbolic":"reference","name":"NzTabLabelDirective"},{"__symbolic":"reference","name":"NzTabsInkBarDirective"},{"__symbolic":"reference","name":"NzTabBodyComponent"},{"__symbolic":"reference","name":"NzTabLinkDirective"}],"imports":[{"__symbolic":"reference","module":"@angular/common","name":"CommonModule","line":41,"character":12},{"__symbolic":"reference","module":"@angular/cdk/observers","name":"ObserversModule","line":41,"character":26},{"__symbolic":"reference","module":"ng-zorro-antd/icon","name":"NzIconModule","line":41,"character":43},{"__symbolic":"reference","module":"ng-zorro-antd/core/outlet","name":"NzOutletModule","line":41,"character":57},{"__symbolic":"reference","module":"@angular/cdk/platform","name":"PlatformModule","line":41,"character":73}]}]}],"members":{}},"ScrollDirection":{"__symbolic":"interface"},"NzTabsNavComponent":{"__symbolic":"class","decorators":[{"__symbolic":"call","expression":{"__symbolic":"reference","module":"@angular/core","name":"Component","line":41,"character":1},"arguments":[{"selector":"nz-tabs-nav","exportAs":"nzTabsNav","preserveWhitespaces":false,"changeDetection":{"__symbolic":"select","expression":{"__symbolic":"reference","module":"@angular/core","name":"ChangeDetectionStrategy","line":45,"character":19},"member":"OnPush"},"encapsulation":{"__symbolic":"select","expression":{"__symbolic":"reference","module":"@angular/core","name":"ViewEncapsulation","line":46,"character":17},"member":"None"},"template":"\n    <div style=\"float:right;\" *ngIf=\"nzTabBarExtraContent\" class=\"ant-tabs-extra-content\">\n      <ng-template [ngTemplateOutlet]=\"nzTabBarExtraContent\"></ng-template>\n    </div>\n    <div class=\"ant-tabs-nav-container\" [class.ant-tabs-nav-container-scrolling]=\"showPaginationControls\" #navContainerElement>\n      <span\n        class=\"ant-tabs-tab-prev\"\n        (click)=\"scrollHeader('before')\"\n        [class.ant-tabs-tab-btn-disabled]=\"disableScrollBefore\"\n        [class.ant-tabs-tab-arrow-show]=\"showPaginationControls\"\n      >\n        <span class=\"ant-tabs-tab-prev-icon\">\n          <i nz-icon [nzType]=\"nzPositionMode === 'horizontal' ? 'left' : 'up'\" class=\"ant-tabs-tab-prev-icon-target\"></i>\n        </span>\n      </span>\n      <span\n        class=\"ant-tabs-tab-next\"\n        (click)=\"scrollHeader('after')\"\n        [class.ant-tabs-tab-btn-disabled]=\"disableScrollAfter\"\n        [class.ant-tabs-tab-arrow-show]=\"showPaginationControls\"\n      >\n        <span class=\"ant-tabs-tab-next-icon\">\n          <i nz-icon [nzType]=\"nzPositionMode === 'horizontal' ? 'right' : 'down'\" class=\"ant-tabs-tab-next-icon-target\"></i>\n        </span>\n      </span>\n      <div class=\"ant-tabs-nav-wrap\">\n        <div class=\"ant-tabs-nav-scroll\" #scrollListElement>\n          <div class=\"ant-tabs-nav\" [class.ant-tabs-nav-animated]=\"nzAnimated\" #navListElement (cdkObserveContent)=\"onContentChanges()\">\n            <div>\n              <ng-content></ng-content>\n            </div>\n            <div\n              nz-tabs-ink-bar\n              [hidden]=\"nzHideBar\"\n              [nzAnimated]=\"nzAnimated\"\n              [nzPositionMode]=\"nzPositionMode\"\n              style=\"display: block;\"\n            ></div>\n          </div>\n        </div>\n      </div>\n    </div>\n  ","host":{"[class.ant-tabs-bar]":"true","[class.ant-tabs-card-bar]":"nzType === 'card'","[class.ant-tabs-top-bar]":"nzTabPosition === 'top'","[class.ant-tabs-bottom-bar]":"nzTabPosition === 'bottom'","[class.ant-tabs-left-bar]":"nzTabPosition === 'left'","[class.ant-tabs-right-bar]":"nzTabPosition === 'right'","[class.ant-tabs-small-bar]":"nzSize === 'small'","[class.ant-tabs-default-bar]":"nzSize === 'default'","[class.ant-tabs-large-bar]":"nzSize === 'large'","$quoted$":["[class.ant-tabs-bar]","[class.ant-tabs-card-bar]","[class.ant-tabs-top-bar]","[class.ant-tabs-bottom-bar]","[class.ant-tabs-left-bar]","[class.ant-tabs-right-bar]","[class.ant-tabs-small-bar]","[class.ant-tabs-default-bar]","[class.ant-tabs-large-bar]"]}}]}],"members":{"listOfNzTabLabelDirective":[{"__symbolic":"property","decorators":[{"__symbolic":"call","expression":{"__symbolic":"reference","module":"@angular/core","name":"ContentChildren","line":120,"character":3},"arguments":[{"__symbolic":"reference","name":"NzTabLabelDirective"}]}]}],"nzTabsInkBarDirective":[{"__symbolic":"property","decorators":[{"__symbolic":"call","expression":{"__symbolic":"reference","module":"@angular/core","name":"ViewChild","line":121,"character":3},"arguments":[{"__symbolic":"reference","name":"NzTabsInkBarDirective"},{"static":true}]}]}],"navContainerElement":[{"__symbolic":"property","decorators":[{"__symbolic":"call","expression":{"__symbolic":"reference","module":"@angular/core","name":"ViewChild","line":122,"character":3},"arguments":["navContainerElement",{"static":true}]}]}],"navListElement":[{"__symbolic":"property","decorators":[{"__symbolic":"call","expression":{"__symbolic":"reference","module":"@angular/core","name":"ViewChild","line":123,"character":3},"arguments":["navListElement",{"static":true}]}]}],"scrollListElement":[{"__symbolic":"property","decorators":[{"__symbolic":"call","expression":{"__symbolic":"reference","module":"@angular/core","name":"ViewChild","line":124,"character":3},"arguments":["scrollListElement",{"static":true}]}]}],"nzOnNextClick":[{"__symbolic":"property","decorators":[{"__symbolic":"call","expression":{"__symbolic":"reference","module":"@angular/core","name":"Output","line":125,"character":3}}]}],"nzOnPrevClick":[{"__symbolic":"property","decorators":[{"__symbolic":"call","expression":{"__symbolic":"reference","module":"@angular/core","name":"Output","line":126,"character":3}}]}],"nzTabBarExtraContent":[{"__symbolic":"property","decorators":[{"__symbolic":"call","expression":{"__symbolic":"reference","module":"@angular/core","name":"Input","line":127,"character":3}}]}],"nzAnimated":[{"__symbolic":"property","decorators":[{"__symbolic":"call","expression":{"__symbolic":"reference","module":"@angular/core","name":"Input","line":128,"character":3}},{"__symbolic":"call","expression":{"__symbolic":"reference","module":"ng-zorro-antd/core/util","name":"InputBoolean","line":128,"character":12}}]}],"nzHideBar":[{"__symbolic":"property","decorators":[{"__symbolic":"call","expression":{"__symbolic":"reference","module":"@angular/core","name":"Input","line":129,"character":3}},{"__symbolic":"call","expression":{"__symbolic":"reference","module":"ng-zorro-antd/core/util","name":"InputBoolean","line":129,"character":12}}]}],"nzShowPagination":[{"__symbolic":"property","decorators":[{"__symbolic":"call","expression":{"__symbolic":"reference","module":"@angular/core","name":"Input","line":130,"character":3}},{"__symbolic":"call","expression":{"__symbolic":"reference","module":"ng-zorro-antd/core/util","name":"InputBoolean","line":130,"character":12}}]}],"nzType":[{"__symbolic":"property","decorators":[{"__symbolic":"call","expression":{"__symbolic":"reference","module":"@angular/core","name":"Input","line":131,"character":3}}]}],"nzSize":[{"__symbolic":"property","decorators":[{"__symbolic":"call","expression":{"__symbolic":"reference","module":"@angular/core","name":"Input","line":132,"character":3}}]}],"nzTabPosition":[{"__symbolic":"property","decorators":[{"__symbolic":"call","expression":{"__symbolic":"reference","module":"@angular/core","name":"Input","line":133,"character":3}}]}],"nzPositionMode":[{"__symbolic":"property","decorators":[{"__symbolic":"call","expression":{"__symbolic":"reference","module":"@angular/core","name":"Input","line":135,"character":3}}]}],"selectedIndex":[{"__symbolic":"property","decorators":[{"__symbolic":"call","expression":{"__symbolic":"reference","module":"@angular/core","name":"Input","line":150,"character":3}}]}],"__ctor__":[{"__symbolic":"constructor","parameterDecorators":[null,null,null,null,null,null,[{"__symbolic":"call","expression":{"__symbolic":"reference","module":"@angular/core","name":"Optional","line":167,"character":5}}]],"parameters":[{"__symbolic":"reference","module":"@angular/core","name":"ElementRef","line":161,"character":23},{"__symbolic":"reference","module":"@angular/core","name":"NgZone","line":162,"character":20},{"__symbolic":"reference","module":"@angular/core","name":"Renderer2","line":163,"character":22},{"__symbolic":"reference","module":"@angular/core","name":"ChangeDetectorRef","line":164,"character":17},{"__symbolic":"reference","module":"@angular/cdk/platform","name":"Platform","line":165,"character":22},{"__symbolic":"reference","module":"ng-zorro-antd/core/services","name":"NzResizeService","line":166,"character":27},{"__symbolic":"reference","module":"@angular/cdk/bidi","name":"Directionality","line":167,"character":29}]}],"onContentChanges":[{"__symbolic":"method"}],"scrollHeader":[{"__symbolic":"method"}],"ngAfterContentChecked":[{"__symbolic":"method"}],"ngAfterContentInit":[{"__symbolic":"method"}],"ngOnDestroy":[{"__symbolic":"method"}],"updateTabScrollPosition":[{"__symbolic":"method"}],"updatePagination":[{"__symbolic":"method"}],"checkPaginationEnabled":[{"__symbolic":"method"}],"scrollToLabel":[{"__symbolic":"method"}],"checkScrollingControls":[{"__symbolic":"method"}],"getMaxScrollDistance":[{"__symbolic":"method"}],"getLayoutDirection":[{"__symbolic":"method"}],"alignInkBarToSelectedTab":[{"__symbolic":"method"}]}},"NzTabSetComponent":{"__symbolic":"class","decorators":[{"__symbolic":"call","expression":{"__symbolic":"reference","module":"@angular/core","name":"Component","line":42,"character":1},"arguments":[{"selector":"nz-tabset","exportAs":"nzTabset","preserveWhitespaces":false,"encapsulation":{"__symbolic":"select","expression":{"__symbolic":"reference","module":"@angular/core","name":"ViewEncapsulation","line":46,"character":17},"member":"None"},"changeDetection":{"__symbolic":"select","expression":{"__symbolic":"reference","module":"@angular/core","name":"ChangeDetectionStrategy","line":47,"character":19},"member":"OnPush"},"template":"\n    <ng-container *ngIf=\"listOfNzTabComponent\">\n      <nz-tabs-nav\n        role=\"tablist\"\n        tabindex=\"0\"\n        [nzSize]=\"nzSize\"\n        [nzTabPosition]=\"nzTabPosition\"\n        [nzType]=\"nzType\"\n        [nzShowPagination]=\"nzShowPagination\"\n        [nzPositionMode]=\"tabPositionMode\"\n        [nzAnimated]=\"inkBarAnimated\"\n        [ngStyle]=\"nzTabBarStyle\"\n        [nzHideBar]=\"nzHideAll\"\n        [nzTabBarExtraContent]=\"nzTabBarExtraContent\"\n        [selectedIndex]=\"nzSelectedIndex!\"\n        (nzOnNextClick)=\"nzOnNextClick.emit()\"\n        (nzOnPrevClick)=\"nzOnPrevClick.emit()\"\n      >\n        <div\n          nz-tab-label\n          role=\"tab\"\n          [style.margin-right.px]=\"nzTabBarGutter\"\n          [class.ant-tabs-tab-active]=\"nzSelectedIndex == i && !nzHideAll\"\n          [disabled]=\"tab.nzDisabled\"\n          (click)=\"clickLabel(i, tab.nzDisabled)\"\n          *ngFor=\"let tab of listOfNzTabComponent; let i = index\"\n        >\n          <ng-container *nzStringTemplateOutlet=\"tab.nzTitle || tab.title\">{{ tab.nzTitle }}</ng-container>\n        </div>\n      </nz-tabs-nav>\n      <div\n        #tabContent\n        class=\"ant-tabs-content\"\n        [class.ant-tabs-top-content]=\"nzTabPosition === 'top'\"\n        [class.ant-tabs-bottom-content]=\"nzTabPosition === 'bottom'\"\n        [class.ant-tabs-left-content]=\"nzTabPosition === 'left'\"\n        [class.ant-tabs-right-content]=\"nzTabPosition === 'right'\"\n        [class.ant-tabs-content-animated]=\"tabPaneAnimated\"\n        [class.ant-tabs-card-content]=\"nzType === 'card'\"\n        [class.ant-tabs-content-no-animated]=\"!tabPaneAnimated\"\n        [style.margin-left.%]=\"tabPositionMode === 'horizontal' && tabPaneAnimated && -(nzSelectedIndex || 0) * 100\"\n      >\n        <div\n          nz-tab-body\n          class=\"ant-tabs-tabpane\"\n          *ngFor=\"let tab of listOfNzTabComponent; let i = index\"\n          [active]=\"nzSelectedIndex == i && !nzHideAll\"\n          [forceRender]=\"tab.nzForceRender\"\n          [content]=\"tab.template || tab.content\"\n        ></div>\n      </div>\n    </ng-container>\n  ","host":{"[class.ant-tabs]":"true","[class.ant-tabs-no-animation]":"isAnimationDisabled","[class.ant-tabs-line]":"nzType === 'line'","[class.ant-tabs-card]":"nzType === 'card'","[class.ant-tabs-top]":"nzTabPosition === 'top'","[class.ant-tabs-bottom]":"nzTabPosition === 'bottom'","[class.ant-tabs-left]":"nzTabPosition === 'left'","[class.ant-tabs-right]":"nzTabPosition === 'right'","[class.ant-tabs-vertical]":"nzTabPosition === 'left' || nzTabPosition === 'right'","[class.ant-tabs-large]":"nzSize === 'large'","[class.ant-tabs-small]":"nzSize === 'small'","$quoted$":["[class.ant-tabs]","[class.ant-tabs-no-animation]","[class.ant-tabs-line]","[class.ant-tabs-card]","[class.ant-tabs-top]","[class.ant-tabs-bottom]","[class.ant-tabs-left]","[class.ant-tabs-right]","[class.ant-tabs-vertical]","[class.ant-tabs-large]","[class.ant-tabs-small]"]}}]}],"members":{"listOfNzTabComponent":[{"__symbolic":"property","decorators":[{"__symbolic":"call","expression":{"__symbolic":"reference","module":"@angular/core","name":"ContentChildren","line":129,"character":3},"arguments":[{"__symbolic":"reference","name":"NzTabComponent"}]}]}],"nzTabsNavComponent":[{"__symbolic":"property","decorators":[{"__symbolic":"call","expression":{"__symbolic":"reference","module":"@angular/core","name":"ViewChild","line":130,"character":3},"arguments":[{"__symbolic":"reference","name":"NzTabsNavComponent"},{"static":false}]}]}],"tabContent":[{"__symbolic":"property","decorators":[{"__symbolic":"call","expression":{"__symbolic":"reference","module":"@angular/core","name":"ViewChild","line":131,"character":3},"arguments":["tabContent",{"static":false}]}]}],"nzTabBarExtraContent":[{"__symbolic":"property","decorators":[{"__symbolic":"call","expression":{"__symbolic":"reference","module":"@angular/core","name":"Input","line":133,"character":3}}]}],"nzShowPagination":[{"__symbolic":"property","decorators":[{"__symbolic":"call","expression":{"__symbolic":"reference","module":"@angular/core","name":"Input","line":134,"character":3}},{"__symbolic":"call","expression":{"__symbolic":"reference","module":"ng-zorro-antd/core/config","name":"WithConfig","line":134,"character":12},"arguments":["tabs"]}]}],"nzAnimated":[{"__symbolic":"property","decorators":[{"__symbolic":"call","expression":{"__symbolic":"reference","module":"@angular/core","name":"Input","line":135,"character":3}},{"__symbolic":"call","expression":{"__symbolic":"reference","module":"ng-zorro-antd/core/config","name":"WithConfig","line":135,"character":12},"arguments":["tabs"]}]}],"nzHideAll":[{"__symbolic":"property","decorators":[{"__symbolic":"call","expression":{"__symbolic":"reference","module":"@angular/core","name":"Input","line":136,"character":3}}]}],"nzTabPosition":[{"__symbolic":"property","decorators":[{"__symbolic":"call","expression":{"__symbolic":"reference","module":"@angular/core","name":"Input","line":137,"character":3}}]}],"nzSize":[{"__symbolic":"property","decorators":[{"__symbolic":"call","expression":{"__symbolic":"reference","module":"@angular/core","name":"Input","line":138,"character":3}},{"__symbolic":"call","expression":{"__symbolic":"reference","module":"ng-zorro-antd/core/config","name":"WithConfig","line":138,"character":12},"arguments":["tabs"]}]}],"nzTabBarGutter":[{"__symbolic":"property","decorators":[{"__symbolic":"call","expression":{"__symbolic":"reference","module":"@angular/core","name":"Input","line":139,"character":3}},{"__symbolic":"call","expression":{"__symbolic":"reference","module":"ng-zorro-antd/core/config","name":"WithConfig","line":139,"character":12},"arguments":["tabs"]}]}],"nzTabBarStyle":[{"__symbolic":"property","decorators":[{"__symbolic":"call","expression":{"__symbolic":"reference","module":"@angular/core","name":"Input","line":140,"character":3}}]}],"nzType":[{"__symbolic":"property","decorators":[{"__symbolic":"call","expression":{"__symbolic":"reference","module":"@angular/core","name":"Input","line":141,"character":3}},{"__symbolic":"call","expression":{"__symbolic":"reference","module":"ng-zorro-antd/core/config","name":"WithConfig","line":141,"character":12},"arguments":["tabs"]}]}],"nzLinkRouter":[{"__symbolic":"property","decorators":[{"__symbolic":"call","expression":{"__symbolic":"reference","module":"@angular/core","name":"Input","line":143,"character":3}},{"__symbolic":"call","expression":{"__symbolic":"reference","module":"ng-zorro-antd/core/util","name":"InputBoolean","line":143,"character":12}}]}],"nzLinkExact":[{"__symbolic":"property","decorators":[{"__symbolic":"call","expression":{"__symbolic":"reference","module":"@angular/core","name":"Input","line":144,"character":3}},{"__symbolic":"call","expression":{"__symbolic":"reference","module":"ng-zorro-antd/core/util","name":"InputBoolean","line":144,"character":12}}]}],"nzCanDeactivate":[{"__symbolic":"property","decorators":[{"__symbolic":"call","expression":{"__symbolic":"reference","module":"@angular/core","name":"Input","line":145,"character":3}}]}],"nzOnNextClick":[{"__symbolic":"property","decorators":[{"__symbolic":"call","expression":{"__symbolic":"reference","module":"@angular/core","name":"Output","line":147,"character":3}}]}],"nzOnPrevClick":[{"__symbolic":"property","decorators":[{"__symbolic":"call","expression":{"__symbolic":"reference","module":"@angular/core","name":"Output","line":148,"character":3}}]}],"nzSelectChange":[{"__symbolic":"property","decorators":[{"__symbolic":"call","expression":{"__symbolic":"reference","module":"@angular/core","name":"Output","line":149,"character":3}}]}],"nzSelectedIndexChange":[{"__symbolic":"property","decorators":[{"__symbolic":"call","expression":{"__symbolic":"reference","module":"@angular/core","name":"Output","line":150,"character":3}}]}],"nzSelectedIndex":[{"__symbolic":"property","decorators":[{"__symbolic":"call","expression":{"__symbolic":"reference","module":"@angular/core","name":"Input","line":152,"character":3}}]}],"setPosition":[{"__symbolic":"method"}],"clickLabel":[{"__symbolic":"method"}],"emitClickEvent":[{"__symbolic":"method"}],"createChangeEvent":[{"__symbolic":"method"}],"clampTabIndex":[{"__symbolic":"method"}],"subscribeToTabLabels":[{"__symbolic":"method"}],"__ctor__":[{"__symbolic":"constructor","parameterDecorators":[null,null,null,null,[{"__symbolic":"call","expression":{"__symbolic":"reference","module":"@angular/core","name":"Optional","line":236,"character":5}}]],"parameters":[{"__symbolic":"reference","module":"ng-zorro-antd/core/config","name":"NzConfigService","line":232,"character":28},{"__symbolic":"reference","module":"@angular/core","name":"Renderer2","line":233,"character":22},{"__symbolic":"reference","module":"@angular/core","name":"ElementRef","line":234,"character":24},{"__symbolic":"reference","module":"@angular/core","name":"ChangeDetectorRef","line":235,"character":17},{"__symbolic":"reference","module":"@angular/router","name":"Router","line":236,"character":32}]}],"ngOnChanges":[{"__symbolic":"method"}],"ngAfterContentChecked":[{"__symbolic":"method"}],"ngAfterContentInit":[{"__symbolic":"method"}],"ngOnDestroy":[{"__symbolic":"method"}],"updateRouterActive":[{"__symbolic":"method"}],"findShouldActiveTabIndex":[{"__symbolic":"method"}],"isLinkActive":[{"__symbolic":"method"}]}},"NzTabDirective":{"__symbolic":"class","decorators":[{"__symbolic":"call","expression":{"__symbolic":"reference","module":"@angular/core","name":"Directive","line":8,"character":1},"arguments":[{"selector":"[nz-tab]","exportAs":"nzTab"}]}],"members":{}},"NzTabLinkDirective":{"__symbolic":"class","decorators":[{"__symbolic":"call","expression":{"__symbolic":"reference","module":"@angular/core","name":"Directive","line":11,"character":1},"arguments":[{"selector":"a[nz-tab-link]","exportAs":"nzTabLink"}]}],"members":{"__ctor__":[{"__symbolic":"constructor","parameterDecorators":[[{"__symbolic":"call","expression":{"__symbolic":"reference","module":"@angular/core","name":"Optional","line":16,"character":15}},{"__symbolic":"call","expression":{"__symbolic":"reference","module":"@angular/core","name":"Self","line":16,"character":27}}],[{"__symbolic":"call","expression":{"__symbolic":"reference","module":"@angular/core","name":"Optional","line":16,"character":67}},{"__symbolic":"call","expression":{"__symbolic":"reference","module":"@angular/core","name":"Self","line":16,"character":79}}]],"parameters":[{"__symbolic":"reference","module":"@angular/router","name":"RouterLink","line":16,"character":54},{"__symbolic":"reference","module":"@angular/router","name":"RouterLinkWithHref","line":16,"character":114}]}]}},"NzAnimatedInterface":{"__symbolic":"interface"},"NzTabChangeEvent":{"__symbolic":"class","members":{}},"NzTabsCanDeactivateFn":{"__symbolic":"interface"},"NzTabPosition":{"__symbolic":"interface"},"NzTabPositionMode":{"__symbolic":"interface"},"NzTabType":{"__symbolic":"interface"}},"origins":{"NzTabBodyComponent":"./tab-body.component","NzTabLabelDirective":"./tab-label.directive","NzTabComponent":"./tab.component","NzTabsInkBarDirective":"./tabs-ink-bar.directive","NzTabsModule":"./tabs.module","ScrollDirection":"./tabs-nav.component","NzTabsNavComponent":"./tabs-nav.component","NzTabSetComponent":"./tabset.component","NzTabDirective":"./tab.directive","NzTabLinkDirective":"./tab-link.directive","NzAnimatedInterface":"./table.types","NzTabChangeEvent":"./table.types","NzTabsCanDeactivateFn":"./table.types","NzTabPosition":"./table.types","NzTabPositionMode":"./table.types","NzTabType":"./table.types"},"importAs":"ng-zorro-antd/tabs"}