{"__symbolic":"module","version":4,"metadata":{"WeekDayIndex":{"__symbolic":"interface"},"CandyDateCompareGrain":{"__symbolic":"interface"},"CandyDateType":{"__symbolic":"interface"},"SingleValue":{"__symbolic":"interface"},"CompatibleValue":{"__symbolic":"interface"},"sortRangeValue":{"__symbolic":"function"},"normalizeRangeValue":{"__symbolic":"function"},"cloneDate":{"__symbolic":"function"},"CandyDate":{"__symbolic":"class","members":{"__ctor__":[{"__symbolic":"constructor","parameters":[{"__symbolic":"reference","name":"Date"}]}],"calendarStart":[{"__symbolic":"method"}],"getYear":[{"__symbolic":"method"}],"getMonth":[{"__symbolic":"method"}],"getDay":[{"__symbolic":"method"}],"getTime":[{"__symbolic":"method"}],"getDate":[{"__symbolic":"method"}],"getHours":[{"__symbolic":"method"}],"getMinutes":[{"__symbolic":"method"}],"getSeconds":[{"__symbolic":"method"}],"getMilliseconds":[{"__symbolic":"method"}],"clone":[{"__symbolic":"method"}],"setHms":[{"__symbolic":"method"}],"setYear":[{"__symbolic":"method"}],"addYears":[{"__symbolic":"method"}],"setMonth":[{"__symbolic":"method"}],"addMonths":[{"__symbolic":"method"}],"setDay":[{"__symbolic":"method"}],"setDate":[{"__symbolic":"method"}],"addDays":[{"__symbolic":"method"}],"isSame":[{"__symbolic":"method"}],"isSameYear":[{"__symbolic":"method"}],"isSameMonth":[{"__symbolic":"method"}],"isSameDay":[{"__symbolic":"method"}],"isSameHour":[{"__symbolic":"method"}],"isSameMinute":[{"__symbolic":"method"}],"isSameSecond":[{"__symbolic":"method"}],"compare":[{"__symbolic":"method"}],"isBeforeYear":[{"__symbolic":"method"}],"isBeforeMonth":[{"__symbolic":"method"}],"isBeforeDay":[{"__symbolic":"method"}],"isBeforeHour":[{"__symbolic":"method"}],"isBeforeMinute":[{"__symbolic":"method"}],"isBeforeSecond":[{"__symbolic":"method"}],"isAfterYear":[{"__symbolic":"method"}],"isAfterMonth":[{"__symbolic":"method"}],"isAfterDay":[{"__symbolic":"method"}],"isAfterHour":[{"__symbolic":"method"}],"isAfterMinute":[{"__symbolic":"method"}],"isAfterSecond":[{"__symbolic":"method"}],"isToday":[{"__symbolic":"method"}],"isValid":[{"__symbolic":"method"}],"isFirstDayOfMonth":[{"__symbolic":"method"}],"isLastDayOfMonth":[{"__symbolic":"method"}],"toNativeDate":[{"__symbolic":"method"}]}},"timeUnits":[["Y",31536000000],["M",2592000000],["D",86400000],["H",3600000],["m",60000],["s",1000],["S",1]]},"origins":{"WeekDayIndex":"./candy-date","CandyDateCompareGrain":"./candy-date","CandyDateType":"./candy-date","SingleValue":"./candy-date","CompatibleValue":"./candy-date","sortRangeValue":"./candy-date","normalizeRangeValue":"./candy-date","cloneDate":"./candy-date","CandyDate":"./candy-date","timeUnits":"./time"},"importAs":"ng-zorro-antd/core/time"}