{"__symbolic":"module","version":4,"metadata":{"EditorOptions":{"__symbolic":"interface"},"DiffEditorOptions":{"__symbolic":"interface"},"JoinedEditorOptions":{"__symbolic":"interface"},"NzEditorMode":{"__symbolic":"interface"},"NzCodeEditorLoadingStatus":{"UNLOAD":"unload","LOADING":"loading","LOADED":"LOADED"},"NzCodeEditorConfig":{"__symbolic":"interface"},"NZ_CODE_EDITOR_CONFIG":{"__symbolic":"new","expression":{"__symbolic":"reference","module":"@angular/core","name":"InjectionToken","line":33,"character":41},"arguments":["nz-code-editor-config",{"providedIn":"root","factory":{"__symbolic":"reference","name":"NZ_CODE_EDITOR_CONFIG_FACTORY"}}]},"NZ_CODE_EDITOR_CONFIG_FACTORY":{"__symbolic":"function","parameters":[],"value":{}},"NzCodeEditorComponent":{"__symbolic":"class","decorators":[{"__symbolic":"call","expression":{"__symbolic":"reference","module":"@angular/core","name":"Component","line":36,"character":1},"arguments":[{"changeDetection":{"__symbolic":"select","expression":{"__symbolic":"reference","module":"@angular/core","name":"ChangeDetectionStrategy","line":37,"character":19},"member":"OnPush"},"encapsulation":{"__symbolic":"select","expression":{"__symbolic":"reference","module":"@angular/core","name":"ViewEncapsulation","line":38,"character":17},"member":"None"},"selector":"nz-code-editor","exportAs":"nzCodeEditor","template":"\n    <div class=\"ant-code-editor-loading\" *ngIf=\"nzLoading\">\n      <nz-spin></nz-spin>\n    </div>\n\n    <div class=\"ant-code-editor-toolkit\" *ngIf=\"nzToolkit\">\n      <ng-template [ngTemplateOutlet]=\"nzToolkit\"></ng-template>\n    </div>\n  ","host":{"[class.ant-code-editor]":"true","$quoted$":["[class.ant-code-editor]"]},"providers":[{"provide":{"__symbolic":"reference","module":"@angular/forms","name":"NG_VALUE_ACCESSOR","line":55,"character":15},"useExisting":{"__symbolic":"reference","name":"NzCodeEditorComponent"},"multi":true}]}]}],"members":{"nzEditorMode":[{"__symbolic":"property","decorators":[{"__symbolic":"call","expression":{"__symbolic":"reference","module":"@angular/core","name":"Input","line":65,"character":3}}]}],"nzOriginalText":[{"__symbolic":"property","decorators":[{"__symbolic":"call","expression":{"__symbolic":"reference","module":"@angular/core","name":"Input","line":66,"character":3}}]}],"nzLoading":[{"__symbolic":"property","decorators":[{"__symbolic":"call","expression":{"__symbolic":"reference","module":"@angular/core","name":"Input","line":67,"character":3}},{"__symbolic":"call","expression":{"__symbolic":"reference","module":"ng-zorro-antd/core/util","name":"InputBoolean","line":67,"character":12}}]}],"nzFullControl":[{"__symbolic":"property","decorators":[{"__symbolic":"call","expression":{"__symbolic":"reference","module":"@angular/core","name":"Input","line":68,"character":3}},{"__symbolic":"call","expression":{"__symbolic":"reference","module":"ng-zorro-antd/core/util","name":"InputBoolean","line":68,"character":12}}]}],"nzToolkit":[{"__symbolic":"property","decorators":[{"__symbolic":"call","expression":{"__symbolic":"reference","module":"@angular/core","name":"Input","line":69,"character":3}}]}],"nzEditorOption":[{"__symbolic":"property","decorators":[{"__symbolic":"call","expression":{"__symbolic":"reference","module":"@angular/core","name":"Input","line":71,"character":3}}]}],"nzEditorInitialized":[{"__symbolic":"property","decorators":[{"__symbolic":"call","expression":{"__symbolic":"reference","module":"@angular/core","name":"Output","line":75,"character":3}}]}],"__ctor__":[{"__symbolic":"constructor","parameters":[{"__symbolic":"reference","name":"NzCodeEditorService"},{"__symbolic":"reference","module":"@angular/core","name":"NgZone","line":87,"character":80},{"__symbolic":"reference","module":"@angular/core","name":"ElementRef","line":87,"character":100}]}],"ngAfterViewInit":[{"__symbolic":"method"}],"ngOnDestroy":[{"__symbolic":"method"}],"writeValue":[{"__symbolic":"method"}],"registerOnChange":[{"__symbolic":"method"}],"registerOnTouched":[{"__symbolic":"method"}],"layout":[{"__symbolic":"method"}],"setup":[{"__symbolic":"method"}],"registerOptionChanges":[{"__symbolic":"method"}],"initMonacoEditorInstance":[{"__symbolic":"method"}],"registerResizeChange":[{"__symbolic":"method"}],"setValue":[{"__symbolic":"method"}],"setValueEmitter":[{"__symbolic":"method"}],"emitValue":[{"__symbolic":"method"}],"updateOptionToMonaco":[{"__symbolic":"method"}]}},"NzCodeEditorModule":{"__symbolic":"class","decorators":[{"__symbolic":"call","expression":{"__symbolic":"reference","module":"@angular/core","name":"NgModule","line":13,"character":1},"arguments":[{"declarations":[{"__symbolic":"reference","name":"NzCodeEditorComponent"}],"imports":[{"__symbolic":"reference","module":"@angular/common","name":"CommonModule","line":15,"character":12},{"__symbolic":"reference","module":"ng-zorro-antd/icon","name":"NzIconModule","line":15,"character":26},{"__symbolic":"reference","module":"ng-zorro-antd/spin","name":"NzSpinModule","line":15,"character":40}],"exports":[{"__symbolic":"reference","name":"NzCodeEditorComponent"}]}]}],"members":{}},"NzCodeEditorService":{"__symbolic":"class","decorators":[{"__symbolic":"call","expression":{"__symbolic":"reference","module":"@angular/core","name":"Injectable","line":26,"character":1},"arguments":[{"providedIn":"root"}]}],"members":{"__ctor__":[{"__symbolic":"constructor","parameterDecorators":[null,[{"__symbolic":"call","expression":{"__symbolic":"reference","module":"@angular/core","name":"Inject","line":41,"character":5},"arguments":[{"__symbolic":"reference","module":"@angular/common","name":"DOCUMENT","line":41,"character":12}]}],[{"__symbolic":"call","expression":{"__symbolic":"reference","module":"@angular/core","name":"Inject","line":42,"character":5},"arguments":[{"__symbolic":"reference","name":"NZ_CODE_EDITOR_CONFIG"}]},{"__symbolic":"call","expression":{"__symbolic":"reference","module":"@angular/core","name":"Optional","line":42,"character":36}}]],"parameters":[{"__symbolic":"reference","module":"ng-zorro-antd/core/config","name":"NzConfigService","line":40,"character":38},{"__symbolic":"reference","module":"ng-zorro-antd/core/types","name":"NzSafeAny","line":41,"character":33},{"__symbolic":"reference","name":"NzCodeEditorConfig"}]}],"updateDefaultOption":[{"__symbolic":"method"}],"_updateDefaultOption":[{"__symbolic":"method"}],"requestToInit":[{"__symbolic":"method"}],"loadMonacoScript":[{"__symbolic":"method"}],"onLoad":[{"__symbolic":"method"}],"onInit":[{"__symbolic":"method"}],"getLatestOption":[{"__symbolic":"method"}]},"statics":{"ɵprov":{}}}},"origins":{"EditorOptions":"./typings","DiffEditorOptions":"./typings","JoinedEditorOptions":"./typings","NzEditorMode":"./typings","NzCodeEditorLoadingStatus":"./typings","NzCodeEditorConfig":"./typings","NZ_CODE_EDITOR_CONFIG":"./typings","NZ_CODE_EDITOR_CONFIG_FACTORY":"./typings","NzCodeEditorComponent":"./code-editor.component","NzCodeEditorModule":"./code-editor.module","NzCodeEditorService":"./code-editor.service"},"importAs":"ng-zorro-antd/code-editor"}