{"__symbolic":"module","version":4,"metadata":{"NzResizeService":{"__symbolic":"class","decorators":[{"__symbolic":"call","expression":{"__symbolic":"reference","module":"@angular/core","name":"Injectable","line":11,"character":1},"arguments":[{"providedIn":"root"}]}],"members":{"__ctor__":[{"__symbolic":"constructor","parameters":[{"__symbolic":"reference","module":"@angular/core","name":"NgZone","line":29,"character":30},{"__symbolic":"reference","module":"@angular/core","name":"RendererFactory2","line":29,"character":64}]}],"subscribe":[{"__symbolic":"method"}],"unsubscribe":[{"__symbolic":"method"}],"registerListener":[{"__symbolic":"method"}],"unregisterListener":[{"__symbolic":"method"}]},"statics":{"ɵprov":{}}},"NzSingletonService":{"__symbolic":"class","decorators":[{"__symbolic":"call","expression":{"__symbolic":"reference","module":"@angular/core","name":"Injectable","line":24,"character":1},"arguments":[{"providedIn":"root"}]}],"members":{"registerSingletonWithKey":[{"__symbolic":"method"}],"getSingletonWithKey":[{"__symbolic":"method"}],"withNewTarget":[{"__symbolic":"method"}]},"statics":{"ɵprov":{}}},"NzDragService":{"__symbolic":"class","decorators":[{"__symbolic":"call","expression":{"__symbolic":"reference","module":"@angular/core","name":"Injectable","line":35,"character":1},"arguments":[{"providedIn":"root"}]}],"members":{"__ctor__":[{"__symbolic":"constructor","parameters":[{"__symbolic":"reference","module":"@angular/core","name":"RendererFactory2","line":45,"character":32}]}],"requestDraggingSequence":[{"__symbolic":"method"}],"registerDraggingHandler":[{"__symbolic":"method"}],"teardownDraggingSequence":[{"__symbolic":"method"}]},"statics":{"ɵprov":{}}},"EasyingFn":{"__symbolic":"interface"},"NzScrollService":{"__symbolic":"class","decorators":[{"__symbolic":"call","expression":{"__symbolic":"reference","module":"@angular/core","name":"Injectable","line":22,"character":1}}],"members":{"__ctor__":[{"__symbolic":"constructor","parameterDecorators":[[{"__symbolic":"call","expression":{"__symbolic":"reference","module":"@angular/core","name":"Inject","line":26,"character":15},"arguments":[{"__symbolic":"reference","module":"@angular/common","name":"DOCUMENT","line":26,"character":22}]}]],"parameters":[{"__symbolic":"reference","module":"ng-zorro-antd/core/types","name":"NzSafeAny","line":26,"character":37}]}],"setScrollTop":[{"__symbolic":"method"}],"getOffset":[{"__symbolic":"method"}],"getScroll":[{"__symbolic":"method"}],"scrollTo":[{"__symbolic":"method"}]}},"SCROLL_SERVICE_PROVIDER_FACTORY":{"__symbolic":"function","parameters":["doc","scrollService"],"value":{"__symbolic":"binop","operator":"||","left":{"__symbolic":"reference","name":"scrollService"},"right":{"__symbolic":"new","expression":{"__symbolic":"reference","name":"NzScrollService"},"arguments":[{"__symbolic":"reference","name":"doc"}]}}},"SCROLL_SERVICE_PROVIDER":{"provide":{"__symbolic":"reference","name":"NzScrollService"},"useFactory":{"__symbolic":"reference","name":"SCROLL_SERVICE_PROVIDER_FACTORY"},"deps":[{"__symbolic":"reference","module":"@angular/common","name":"DOCUMENT","line":113,"character":9},[{"__symbolic":"new","expression":{"__symbolic":"reference","module":"@angular/core","name":"Optional","line":113,"character":24}},{"__symbolic":"new","expression":{"__symbolic":"reference","module":"@angular/core","name":"SkipSelf","line":113,"character":40}},{"__symbolic":"reference","name":"NzScrollService"}]]},"NzBreakpointEnum":{"xxl":"xxl","xl":"xl","lg":"lg","md":"md","sm":"sm","xs":"xs"},"BreakpointMap":{"__symbolic":"interface"},"BreakpointBooleanMap":{"__symbolic":"interface"},"NzBreakpointKey":{"__symbolic":"interface"},"gridResponsiveMap":{"xs":"(max-width: 575px)","sm":"(min-width: 576px)","md":"(min-width: 768px)","lg":"(min-width: 992px)","xl":"(min-width: 1200px)","xxl":"(min-width: 1600px)"},"siderResponsiveMap":{"xs":"(max-width: 479.98px)","sm":"(max-width: 575.98px)","md":"(max-width: 767.98px)","lg":"(max-width: 991.98px)","xl":"(max-width: 1199.98px)","xxl":"(max-width: 1599.98px)"},"NzBreakpointService":{"__symbolic":"class","decorators":[{"__symbolic":"call","expression":{"__symbolic":"reference","module":"@angular/core","name":"Injectable","line":43,"character":1},"arguments":[{"providedIn":"root"}]}],"members":{"__ctor__":[{"__symbolic":"constructor","parameters":[{"__symbolic":"reference","name":"NzResizeService"},{"__symbolic":"reference","module":"@angular/cdk/layout","name":"MediaMatcher","line":47,"character":76}]}],"subscribe":[{"__symbolic":"method"},{"__symbolic":"method"},{"__symbolic":"method"}],"matchMedia":[{"__symbolic":"method"},{"__symbolic":"method"},{"__symbolic":"method"}]},"statics":{"ɵprov":{}}}},"origins":{"NzResizeService":"./resize","NzSingletonService":"./singleton","NzDragService":"./drag","EasyingFn":"./scroll","NzScrollService":"./scroll","SCROLL_SERVICE_PROVIDER_FACTORY":"./scroll","SCROLL_SERVICE_PROVIDER":"./scroll","NzBreakpointEnum":"./breakpoint","BreakpointMap":"./breakpoint","BreakpointBooleanMap":"./breakpoint","NzBreakpointKey":"./breakpoint","gridResponsiveMap":"./breakpoint","siderResponsiveMap":"./breakpoint","NzBreakpointService":"./breakpoint"},"importAs":"ng-zorro-antd/core/services"}