{"__symbolic":"module","version":4,"exports":[{"export":[{"name":"NzTreeNodeOptions","as":"NzTreeNodeOptions"},{"name":"NzFormatEmitEvent","as":"NzFormatEmitEvent"},{"name":"NzFormatBeforeDropEvent","as":"NzFormatBeforeDropEvent"},{"name":"NzTreeNode","as":"NzTreeNode"}],"from":"ng-zorro-antd/core/tree"}],"metadata":{"NzTreeModule":{"__symbolic":"class","decorators":[{"__symbolic":"call","expression":{"__symbolic":"reference","module":"@angular/core","name":"NgModule","line":19,"character":1},"arguments":[{"imports":[{"__symbolic":"reference","module":"@angular/common","name":"CommonModule","line":20,"character":12},{"__symbolic":"reference","module":"ng-zorro-antd/core/outlet","name":"NzOutletModule","line":20,"character":26},{"__symbolic":"reference","module":"ng-zorro-antd/icon","name":"NzIconModule","line":20,"character":42},{"__symbolic":"reference","module":"ng-zorro-antd/core/no-animation","name":"NzNoAnimationModule","line":20,"character":56},{"__symbolic":"reference","module":"ng-zorro-antd/core/highlight","name":"NzHighlightModule","line":20,"character":77},{"__symbolic":"reference","module":"@angular/cdk/scrolling","name":"ScrollingModule","line":20,"character":96}],"declarations":[{"__symbolic":"reference","name":"NzTreeComponent"},{"__symbolic":"reference","name":"NzTreeNodeComponent"},{"__symbolic":"reference","name":"NzTreeIndentComponent"},{"__symbolic":"reference","name":"NzTreeNodeSwitcherComponent"},{"__symbolic":"reference","name":"NzTreeNodeCheckboxComponent"},{"__symbolic":"reference","name":"NzTreeNodeTitleComponent"}],"exports":[{"__symbolic":"reference","name":"NzTreeComponent"},{"__symbolic":"reference","name":"NzTreeNodeComponent"},{"__symbolic":"reference","name":"NzTreeIndentComponent"}]}]}],"members":{}},"NzTreeServiceFactory":{"__symbolic":"function","parameters":["higherOrderService","treeService"],"value":{"__symbolic":"if","condition":{"__symbolic":"reference","name":"higherOrderService"},"thenExpression":{"__symbolic":"reference","name":"higherOrderService"},"elseExpression":{"__symbolic":"reference","name":"treeService"}}},"NzTreeComponent":{"__symbolic":"class","extends":{"__symbolic":"reference","module":"ng-zorro-antd/core/tree","name":"NzTreeBase","line":162,"character":37},"decorators":[{"__symbolic":"call","expression":{"__symbolic":"reference","module":"@angular/core","name":"Component","line":53,"character":1},"arguments":[{"selector":"nz-tree","exportAs":"nzTree","animations":[{"__symbolic":"reference","module":"ng-zorro-antd/core/animation","name":"treeCollapseMotion","line":56,"character":15}],"template":"\n    <div role=\"tree\">\n      <input [ngStyle]=\"HIDDEN_STYLE\" />\n    </div>\n    <div [class.ant-select-tree-list]=\"nzSelectMode\" [class.ant-tree-list]=\"nzSelectMode\">\n      <div>\n        <cdk-virtual-scroll-viewport\n          *ngIf=\"nzVirtualHeight\"\n          [class.ant-select-tree-list-holder-inner]=\"nzSelectMode\"\n          [class.ant-tree-list-holder-inner]=\"nzSelectMode\"\n          [itemSize]=\"nzVirtualItemSize\"\n          [minBufferPx]=\"nzVirtualMinBufferPx\"\n          [maxBufferPx]=\"nzVirtualMaxBufferPx\"\n          [style.height]=\"nzVirtualHeight\"\n        >\n          <ng-container *cdkVirtualFor=\"let node of nzFlattenNodes; trackBy: trackByFlattenNode\">\n            <ng-template [ngTemplateOutlet]=\"nodeTemplate\" [ngTemplateOutletContext]=\"{ $implicit: node }\"></ng-template>\n          </ng-container>\n        </cdk-virtual-scroll-viewport>\n\n        <div\n          *ngIf=\"!nzVirtualHeight\"\n          [class.ant-select-tree-list-holder-inner]=\"nzSelectMode\"\n          [class.ant-tree-list-holder-inner]=\"nzSelectMode\"\n          [@.disabled]=\"beforeInit || noAnimation?.nzNoAnimation\"\n          [nzNoAnimation]=\"noAnimation?.nzNoAnimation\"\n          [@treeCollapseMotion]=\"nzFlattenNodes.length\"\n        >\n          <ng-container *ngFor=\"let node of nzFlattenNodes; trackBy: trackByFlattenNode\">\n            <ng-template [ngTemplateOutlet]=\"nodeTemplate\" [ngTemplateOutletContext]=\"{ $implicit: node }\"></ng-template>\n          </ng-container>\n        </div>\n      </div>\n    </div>\n    <ng-template #nodeTemplate let-treeNode>\n      <nz-tree-node\n        [icon]=\"treeNode.icon\"\n        [title]=\"treeNode.title\"\n        [isLoading]=\"treeNode.isLoading\"\n        [isSelected]=\"treeNode.isSelected\"\n        [isDisabled]=\"treeNode.isDisabled\"\n        [isMatched]=\"treeNode.isMatched\"\n        [isExpanded]=\"treeNode.isExpanded\"\n        [isLeaf]=\"treeNode.isLeaf\"\n        [isStart]=\"treeNode.isStart\"\n        [isEnd]=\"treeNode.isEnd\"\n        [isChecked]=\"treeNode.isChecked\"\n        [isHalfChecked]=\"treeNode.isHalfChecked\"\n        [isDisableCheckbox]=\"treeNode.isDisableCheckbox\"\n        [isSelectable]=\"treeNode.isSelectable\"\n        [canHide]=\"treeNode.canHide\"\n        [nzTreeNode]=\"treeNode\"\n        [nzSelectMode]=\"nzSelectMode\"\n        [nzShowLine]=\"nzShowLine\"\n        [nzExpandedIcon]=\"nzExpandedIcon\"\n        [nzDraggable]=\"nzDraggable\"\n        [nzCheckable]=\"nzCheckable\"\n        [nzShowExpand]=\"nzShowExpand\"\n        [nzAsyncData]=\"nzAsyncData\"\n        [nzSearchValue]=\"nzSearchValue\"\n        [nzHideUnMatched]=\"nzHideUnMatched\"\n        [nzBeforeDrop]=\"nzBeforeDrop\"\n        [nzShowIcon]=\"nzShowIcon\"\n        [nzTreeTemplate]=\"nzTreeTemplate || nzTreeTemplateChild\"\n        (nzExpandChange)=\"eventTriggerChanged($event)\"\n        (nzClick)=\"eventTriggerChanged($event)\"\n        (nzDblClick)=\"eventTriggerChanged($event)\"\n        (nzContextMenu)=\"eventTriggerChanged($event)\"\n        (nzCheckBoxChange)=\"eventTriggerChanged($event)\"\n        (nzOnDragStart)=\"eventTriggerChanged($event)\"\n        (nzOnDragEnter)=\"eventTriggerChanged($event)\"\n        (nzOnDragOver)=\"eventTriggerChanged($event)\"\n        (nzOnDragLeave)=\"eventTriggerChanged($event)\"\n        (nzOnDragEnd)=\"eventTriggerChanged($event)\"\n        (nzOnDrop)=\"eventTriggerChanged($event)\"\n      >\n      </nz-tree-node>\n    </ng-template>\n  ","changeDetection":{"__symbolic":"select","expression":{"__symbolic":"reference","module":"@angular/core","name":"ChangeDetectionStrategy","line":136,"character":19},"member":"OnPush"},"providers":[{"__symbolic":"reference","name":"NzTreeService"},{"provide":{"__symbolic":"reference","module":"ng-zorro-antd/core/tree","name":"NzTreeBaseService","line":140,"character":15},"useFactory":{"__symbolic":"reference","name":"NzTreeServiceFactory"},"deps":[[{"__symbolic":"new","expression":{"__symbolic":"reference","module":"@angular/core","name":"SkipSelf","line":142,"character":18}},{"__symbolic":"new","expression":{"__symbolic":"reference","module":"@angular/core","name":"Optional","line":142,"character":34}},{"__symbolic":"reference","module":"ng-zorro-antd/core/tree","name":"NzTreeHigherOrderServiceToken","line":142,"character":46}],{"__symbolic":"reference","name":"NzTreeService"}]},{"provide":{"__symbolic":"reference","module":"@angular/forms","name":"NG_VALUE_ACCESSOR","line":145,"character":15},"useExisting":{"__symbolic":"reference","name":"NzTreeComponent"},"multi":true}],"host":{"[class.ant-select-tree]":"nzSelectMode","[class.ant-select-tree-show-line]":"nzSelectMode && nzShowLine","[class.ant-select-tree-icon-hide]":"nzSelectMode && !nzShowIcon","[class.ant-select-tree-block-node]":"nzSelectMode && nzBlockNode","[class.ant-tree]":"!nzSelectMode","[class.ant-tree-show-line]":"!nzSelectMode && nzShowLine","[class.ant-tree-icon-hide]":"!nzSelectMode && !nzShowIcon","[class.ant-tree-block-node]":"!nzSelectMode && nzBlockNode","[class.draggable-tree]":"nzDraggable","$quoted$":["[class.ant-select-tree]","[class.ant-select-tree-show-line]","[class.ant-select-tree-icon-hide]","[class.ant-select-tree-block-node]","[class.ant-tree]","[class.ant-tree-show-line]","[class.ant-tree-icon-hide]","[class.ant-tree-block-node]","[class.draggable-tree]"]}}]}],"members":{"nzShowIcon":[{"__symbolic":"property","decorators":[{"__symbolic":"call","expression":{"__symbolic":"reference","module":"@angular/core","name":"Input","line":176,"character":3}},{"__symbolic":"call","expression":{"__symbolic":"reference","module":"ng-zorro-antd/core/util","name":"InputBoolean","line":176,"character":12}},{"__symbolic":"call","expression":{"__symbolic":"reference","module":"ng-zorro-antd/core/config","name":"WithConfig","line":176,"character":28},"arguments":["tree"]}]}],"nzHideUnMatched":[{"__symbolic":"property","decorators":[{"__symbolic":"call","expression":{"__symbolic":"reference","module":"@angular/core","name":"Input","line":177,"character":3}},{"__symbolic":"call","expression":{"__symbolic":"reference","module":"ng-zorro-antd/core/util","name":"InputBoolean","line":177,"character":12}},{"__symbolic":"call","expression":{"__symbolic":"reference","module":"ng-zorro-antd/core/config","name":"WithConfig","line":177,"character":28},"arguments":["tree"]}]}],"nzBlockNode":[{"__symbolic":"property","decorators":[{"__symbolic":"call","expression":{"__symbolic":"reference","module":"@angular/core","name":"Input","line":178,"character":3}},{"__symbolic":"call","expression":{"__symbolic":"reference","module":"ng-zorro-antd/core/util","name":"InputBoolean","line":178,"character":12}},{"__symbolic":"call","expression":{"__symbolic":"reference","module":"ng-zorro-antd/core/config","name":"WithConfig","line":178,"character":28},"arguments":["tree"]}]}],"nzExpandAll":[{"__symbolic":"property","decorators":[{"__symbolic":"call","expression":{"__symbolic":"reference","module":"@angular/core","name":"Input","line":179,"character":3}},{"__symbolic":"call","expression":{"__symbolic":"reference","module":"ng-zorro-antd/core/util","name":"InputBoolean","line":179,"character":12}}]}],"nzSelectMode":[{"__symbolic":"property","decorators":[{"__symbolic":"call","expression":{"__symbolic":"reference","module":"@angular/core","name":"Input","line":180,"character":3}},{"__symbolic":"call","expression":{"__symbolic":"reference","module":"ng-zorro-antd/core/util","name":"InputBoolean","line":180,"character":12}}]}],"nzCheckStrictly":[{"__symbolic":"property","decorators":[{"__symbolic":"call","expression":{"__symbolic":"reference","module":"@angular/core","name":"Input","line":181,"character":3}},{"__symbolic":"call","expression":{"__symbolic":"reference","module":"ng-zorro-antd/core/util","name":"InputBoolean","line":181,"character":12}}]}],"nzShowExpand":[{"__symbolic":"property","decorators":[{"__symbolic":"call","expression":{"__symbolic":"reference","module":"@angular/core","name":"Input","line":182,"character":3}},{"__symbolic":"call","expression":{"__symbolic":"reference","module":"ng-zorro-antd/core/util","name":"InputBoolean","line":182,"character":12}}]}],"nzShowLine":[{"__symbolic":"property","decorators":[{"__symbolic":"call","expression":{"__symbolic":"reference","module":"@angular/core","name":"Input","line":183,"character":3}},{"__symbolic":"call","expression":{"__symbolic":"reference","module":"ng-zorro-antd/core/util","name":"InputBoolean","line":183,"character":12}}]}],"nzCheckable":[{"__symbolic":"property","decorators":[{"__symbolic":"call","expression":{"__symbolic":"reference","module":"@angular/core","name":"Input","line":184,"character":3}},{"__symbolic":"call","expression":{"__symbolic":"reference","module":"ng-zorro-antd/core/util","name":"InputBoolean","line":184,"character":12}}]}],"nzAsyncData":[{"__symbolic":"property","decorators":[{"__symbolic":"call","expression":{"__symbolic":"reference","module":"@angular/core","name":"Input","line":185,"character":3}},{"__symbolic":"call","expression":{"__symbolic":"reference","module":"ng-zorro-antd/core/util","name":"InputBoolean","line":185,"character":12}}]}],"nzDraggable":[{"__symbolic":"property","decorators":[{"__symbolic":"call","expression":{"__symbolic":"reference","module":"@angular/core","name":"Input","line":186,"character":3}},{"__symbolic":"call","expression":{"__symbolic":"reference","module":"ng-zorro-antd/core/util","name":"InputBoolean","line":186,"character":12}}]}],"nzMultiple":[{"__symbolic":"property","decorators":[{"__symbolic":"call","expression":{"__symbolic":"reference","module":"@angular/core","name":"Input","line":187,"character":3}},{"__symbolic":"call","expression":{"__symbolic":"reference","module":"ng-zorro-antd/core/util","name":"InputBoolean","line":187,"character":12}}]}],"nzExpandedIcon":[{"__symbolic":"property","decorators":[{"__symbolic":"call","expression":{"__symbolic":"reference","module":"@angular/core","name":"Input","line":188,"character":3}}]}],"nzVirtualItemSize":[{"__symbolic":"property","decorators":[{"__symbolic":"call","expression":{"__symbolic":"reference","module":"@angular/core","name":"Input","line":189,"character":3}}]}],"nzVirtualMaxBufferPx":[{"__symbolic":"property","decorators":[{"__symbolic":"call","expression":{"__symbolic":"reference","module":"@angular/core","name":"Input","line":190,"character":3}}]}],"nzVirtualMinBufferPx":[{"__symbolic":"property","decorators":[{"__symbolic":"call","expression":{"__symbolic":"reference","module":"@angular/core","name":"Input","line":191,"character":3}}]}],"nzVirtualHeight":[{"__symbolic":"property","decorators":[{"__symbolic":"call","expression":{"__symbolic":"reference","module":"@angular/core","name":"Input","line":192,"character":3}}]}],"nzTreeTemplate":[{"__symbolic":"property","decorators":[{"__symbolic":"call","expression":{"__symbolic":"reference","module":"@angular/core","name":"Input","line":193,"character":3}}]}],"nzBeforeDrop":[{"__symbolic":"property","decorators":[{"__symbolic":"call","expression":{"__symbolic":"reference","module":"@angular/core","name":"Input","line":194,"character":3}}]}],"nzData":[{"__symbolic":"property","decorators":[{"__symbolic":"call","expression":{"__symbolic":"reference","module":"@angular/core","name":"Input","line":195,"character":3}}]}],"nzExpandedKeys":[{"__symbolic":"property","decorators":[{"__symbolic":"call","expression":{"__symbolic":"reference","module":"@angular/core","name":"Input","line":196,"character":3}}]}],"nzSelectedKeys":[{"__symbolic":"property","decorators":[{"__symbolic":"call","expression":{"__symbolic":"reference","module":"@angular/core","name":"Input","line":197,"character":3}}]}],"nzCheckedKeys":[{"__symbolic":"property","decorators":[{"__symbolic":"call","expression":{"__symbolic":"reference","module":"@angular/core","name":"Input","line":198,"character":3}}]}],"nzSearchValue":[{"__symbolic":"property","decorators":[{"__symbolic":"call","expression":{"__symbolic":"reference","module":"@angular/core","name":"Input","line":199,"character":3}}]}],"nzSearchFunc":[{"__symbolic":"property","decorators":[{"__symbolic":"call","expression":{"__symbolic":"reference","module":"@angular/core","name":"Input","line":200,"character":3}}]}],"nzTreeTemplateChild":[{"__symbolic":"property","decorators":[{"__symbolic":"call","expression":{"__symbolic":"reference","module":"@angular/core","name":"ContentChild","line":201,"character":3},"arguments":["nzTreeTemplate",{"static":true}]}]}],"cdkVirtualScrollViewport":[{"__symbolic":"property","decorators":[{"__symbolic":"call","expression":{"__symbolic":"reference","module":"@angular/core","name":"ViewChild","line":202,"character":3},"arguments":[{"__symbolic":"reference","module":"@angular/cdk/scrolling","name":"CdkVirtualScrollViewport","line":202,"character":13},{"read":{"__symbolic":"reference","module":"@angular/cdk/scrolling","name":"CdkVirtualScrollViewport","line":202,"character":47}}]}]}],"nzExpandedKeysChange":[{"__symbolic":"property","decorators":[{"__symbolic":"call","expression":{"__symbolic":"reference","module":"@angular/core","name":"Output","line":206,"character":3}}]}],"nzSelectedKeysChange":[{"__symbolic":"property","decorators":[{"__symbolic":"call","expression":{"__symbolic":"reference","module":"@angular/core","name":"Output","line":207,"character":3}}]}],"nzCheckedKeysChange":[{"__symbolic":"property","decorators":[{"__symbolic":"call","expression":{"__symbolic":"reference","module":"@angular/core","name":"Output","line":208,"character":3}}]}],"nzSearchValueChange":[{"__symbolic":"property","decorators":[{"__symbolic":"call","expression":{"__symbolic":"reference","module":"@angular/core","name":"Output","line":209,"character":3}}]}],"nzClick":[{"__symbolic":"property","decorators":[{"__symbolic":"call","expression":{"__symbolic":"reference","module":"@angular/core","name":"Output","line":210,"character":3}}]}],"nzDblClick":[{"__symbolic":"property","decorators":[{"__symbolic":"call","expression":{"__symbolic":"reference","module":"@angular/core","name":"Output","line":211,"character":3}}]}],"nzContextMenu":[{"__symbolic":"property","decorators":[{"__symbolic":"call","expression":{"__symbolic":"reference","module":"@angular/core","name":"Output","line":212,"character":3}}]}],"nzCheckBoxChange":[{"__symbolic":"property","decorators":[{"__symbolic":"call","expression":{"__symbolic":"reference","module":"@angular/core","name":"Output","line":213,"character":3}}]}],"nzExpandChange":[{"__symbolic":"property","decorators":[{"__symbolic":"call","expression":{"__symbolic":"reference","module":"@angular/core","name":"Output","line":214,"character":3}}]}],"nzOnDragStart":[{"__symbolic":"property","decorators":[{"__symbolic":"call","expression":{"__symbolic":"reference","module":"@angular/core","name":"Output","line":215,"character":3}}]}],"nzOnDragEnter":[{"__symbolic":"property","decorators":[{"__symbolic":"call","expression":{"__symbolic":"reference","module":"@angular/core","name":"Output","line":216,"character":3}}]}],"nzOnDragOver":[{"__symbolic":"property","decorators":[{"__symbolic":"call","expression":{"__symbolic":"reference","module":"@angular/core","name":"Output","line":217,"character":3}}]}],"nzOnDragLeave":[{"__symbolic":"property","decorators":[{"__symbolic":"call","expression":{"__symbolic":"reference","module":"@angular/core","name":"Output","line":218,"character":3}}]}],"nzOnDrop":[{"__symbolic":"property","decorators":[{"__symbolic":"call","expression":{"__symbolic":"reference","module":"@angular/core","name":"Output","line":219,"character":3}}]}],"nzOnDragEnd":[{"__symbolic":"property","decorators":[{"__symbolic":"call","expression":{"__symbolic":"reference","module":"@angular/core","name":"Output","line":220,"character":3}}]}],"writeValue":[{"__symbolic":"method"}],"registerOnChange":[{"__symbolic":"method"}],"registerOnTouched":[{"__symbolic":"method"}],"renderTreeProperties":[{"__symbolic":"method"}],"trackByFlattenNode":[{"__symbolic":"method"}],"handleNzData":[{"__symbolic":"method"}],"handleFlattenNodes":[{"__symbolic":"method"}],"handleCheckedKeys":[{"__symbolic":"method"}],"handleExpandedKeys":[{"__symbolic":"method"}],"handleSelectedKeys":[{"__symbolic":"method"}],"handleSearchValue":[{"__symbolic":"method"}],"eventTriggerChanged":[{"__symbolic":"method"}],"renderTree":[{"__symbolic":"method"}],"__ctor__":[{"__symbolic":"constructor","parameterDecorators":[null,null,null,[{"__symbolic":"call","expression":{"__symbolic":"reference","module":"@angular/core","name":"Host","line":435,"character":5}},{"__symbolic":"call","expression":{"__symbolic":"reference","module":"@angular/core","name":"Optional","line":435,"character":13}}]],"parameters":[{"__symbolic":"reference","module":"ng-zorro-antd/core/tree","name":"NzTreeBaseService","line":432,"character":19},{"__symbolic":"reference","module":"ng-zorro-antd/core/config","name":"NzConfigService","line":433,"character":28},{"__symbolic":"reference","module":"@angular/core","name":"ChangeDetectorRef","line":434,"character":17},{"__symbolic":"reference","module":"ng-zorro-antd/core/no-animation","name":"NzNoAnimationDirective","line":435,"character":45}]}],"ngOnInit":[{"__symbolic":"method"}],"ngOnChanges":[{"__symbolic":"method"}],"ngAfterViewInit":[{"__symbolic":"method"}],"ngOnDestroy":[{"__symbolic":"method"}]}},"NzTreeNodeComponent":{"__symbolic":"class","decorators":[{"__symbolic":"call","expression":{"__symbolic":"reference","module":"@angular/core","name":"Component","line":31,"character":1},"arguments":[{"selector":"nz-tree-node","exportAs":"nzTreeNode","template":"\n    <nz-tree-indent [nzTreeLevel]=\"nzTreeNode.level\" [nzSelectMode]=\"nzSelectMode\" [nzIsStart]=\"isStart\" [nzIsEnd]=\"isEnd\"></nz-tree-indent>\n    <nz-tree-node-switcher\n      *ngIf=\"nzShowExpand\"\n      [nzShowExpand]=\"nzShowExpand\"\n      [nzShowLine]=\"nzShowLine\"\n      [nzExpandedIcon]=\"nzExpandedIcon\"\n      [nzSelectMode]=\"nzSelectMode\"\n      [context]=\"nzTreeNode\"\n      [isLeaf]=\"isLeaf\"\n      [isExpanded]=\"isExpanded\"\n      [isLoading]=\"isLoading\"\n      (click)=\"clickExpand($event)\"\n    ></nz-tree-node-switcher>\n    <nz-tree-node-checkbox\n      *ngIf=\"nzCheckable\"\n      (click)=\"clickCheckBox($event)\"\n      [nzSelectMode]=\"nzSelectMode\"\n      [isChecked]=\"isChecked\"\n      [isHalfChecked]=\"isHalfChecked\"\n      [isDisabled]=\"isDisabled\"\n      [isDisableCheckbox]=\"isDisableCheckbox\"\n    ></nz-tree-node-checkbox>\n    <nz-tree-node-title\n      [icon]=\"icon\"\n      [title]=\"title\"\n      [isLoading]=\"isLoading\"\n      [isSelected]=\"isSelected\"\n      [isDisabled]=\"isDisabled\"\n      [isMatched]=\"isMatched\"\n      [isExpanded]=\"isExpanded\"\n      [isLeaf]=\"isLeaf\"\n      [searchValue]=\"nzSearchValue\"\n      [treeTemplate]=\"nzTreeTemplate\"\n      [draggable]=\"nzDraggable\"\n      [showIcon]=\"nzShowIcon\"\n      [selectMode]=\"nzSelectMode\"\n      [context]=\"nzTreeNode\"\n      (dblclick)=\"dblClick($event)\"\n      (click)=\"clickSelect($event)\"\n      (contextmenu)=\"contextMenu($event)\"\n    ></nz-tree-node-title>\n  ","changeDetection":{"__symbolic":"select","expression":{"__symbolic":"reference","module":"@angular/core","name":"ChangeDetectionStrategy","line":77,"character":19},"member":"OnPush"},"preserveWhitespaces":false,"host":{"[class.ant-select-tree-treenode]":"nzSelectMode","[class.ant-select-tree-treenode-disabled]":"nzSelectMode && isDisabled","[class.ant-select-tree-treenode-switcher-open]":"nzSelectMode && isSwitcherOpen","[class.ant-select-tree-treenode-switcher-close]":"nzSelectMode && isSwitcherClose","[class.ant-select-tree-treenode-checkbox-checked]":"nzSelectMode && isChecked","[class.ant-select-tree-treenode-checkbox-indeterminate]":"nzSelectMode && isHalfChecked","[class.ant-select-tree-treenode-selected]":"nzSelectMode && isSelected","[class.ant-select-tree-treenode-loading]":"nzSelectMode && isLoading","[class.ant-tree-treenode]":"!nzSelectMode","[class.ant-tree-treenode-disabled]":"!nzSelectMode && isDisabled","[class.ant-tree-treenode-switcher-open]":"!nzSelectMode && isSwitcherOpen","[class.ant-tree-treenode-switcher-close]":"!nzSelectMode && isSwitcherClose","[class.ant-tree-treenode-checkbox-checked]":"!nzSelectMode && isChecked","[class.ant-tree-treenode-checkbox-indeterminate]":"!nzSelectMode && isHalfChecked","[class.ant-tree-treenode-selected]":"!nzSelectMode && isSelected","[class.ant-tree-treenode-loading]":"!nzSelectMode && isLoading","[style.display]":"displayStyle","(mousedown)":"onMousedown($event)","$quoted$":["[class.ant-select-tree-treenode]","[class.ant-select-tree-treenode-disabled]","[class.ant-select-tree-treenode-switcher-open]","[class.ant-select-tree-treenode-switcher-close]","[class.ant-select-tree-treenode-checkbox-checked]","[class.ant-select-tree-treenode-checkbox-indeterminate]","[class.ant-select-tree-treenode-selected]","[class.ant-select-tree-treenode-loading]","[class.ant-tree-treenode]","[class.ant-tree-treenode-disabled]","[class.ant-tree-treenode-switcher-open]","[class.ant-tree-treenode-switcher-close]","[class.ant-tree-treenode-checkbox-checked]","[class.ant-tree-treenode-checkbox-indeterminate]","[class.ant-tree-treenode-selected]","[class.ant-tree-treenode-loading]","[style.display]","(mousedown)"]}}]}],"members":{"icon":[{"__symbolic":"property","decorators":[{"__symbolic":"call","expression":{"__symbolic":"reference","module":"@angular/core","name":"Input","line":113,"character":3}}]}],"title":[{"__symbolic":"property","decorators":[{"__symbolic":"call","expression":{"__symbolic":"reference","module":"@angular/core","name":"Input","line":114,"character":3}}]}],"isLoading":[{"__symbolic":"property","decorators":[{"__symbolic":"call","expression":{"__symbolic":"reference","module":"@angular/core","name":"Input","line":115,"character":3}}]}],"isSelected":[{"__symbolic":"property","decorators":[{"__symbolic":"call","expression":{"__symbolic":"reference","module":"@angular/core","name":"Input","line":116,"character":3}}]}],"isDisabled":[{"__symbolic":"property","decorators":[{"__symbolic":"call","expression":{"__symbolic":"reference","module":"@angular/core","name":"Input","line":117,"character":3}}]}],"isMatched":[{"__symbolic":"property","decorators":[{"__symbolic":"call","expression":{"__symbolic":"reference","module":"@angular/core","name":"Input","line":118,"character":3}}]}],"isExpanded":[{"__symbolic":"property","decorators":[{"__symbolic":"call","expression":{"__symbolic":"reference","module":"@angular/core","name":"Input","line":119,"character":3}}]}],"isLeaf":[{"__symbolic":"property","decorators":[{"__symbolic":"call","expression":{"__symbolic":"reference","module":"@angular/core","name":"Input","line":120,"character":3}}]}],"isChecked":[{"__symbolic":"property","decorators":[{"__symbolic":"call","expression":{"__symbolic":"reference","module":"@angular/core","name":"Input","line":121,"character":3}}]}],"isHalfChecked":[{"__symbolic":"property","decorators":[{"__symbolic":"call","expression":{"__symbolic":"reference","module":"@angular/core","name":"Input","line":122,"character":3}}]}],"isDisableCheckbox":[{"__symbolic":"property","decorators":[{"__symbolic":"call","expression":{"__symbolic":"reference","module":"@angular/core","name":"Input","line":123,"character":3}}]}],"isSelectable":[{"__symbolic":"property","decorators":[{"__symbolic":"call","expression":{"__symbolic":"reference","module":"@angular/core","name":"Input","line":124,"character":3}}]}],"canHide":[{"__symbolic":"property","decorators":[{"__symbolic":"call","expression":{"__symbolic":"reference","module":"@angular/core","name":"Input","line":125,"character":3}}]}],"isStart":[{"__symbolic":"property","decorators":[{"__symbolic":"call","expression":{"__symbolic":"reference","module":"@angular/core","name":"Input","line":126,"character":3}}]}],"isEnd":[{"__symbolic":"property","decorators":[{"__symbolic":"call","expression":{"__symbolic":"reference","module":"@angular/core","name":"Input","line":127,"character":3}}]}],"nzTreeNode":[{"__symbolic":"property","decorators":[{"__symbolic":"call","expression":{"__symbolic":"reference","module":"@angular/core","name":"Input","line":128,"character":3}}]}],"nzShowLine":[{"__symbolic":"property","decorators":[{"__symbolic":"call","expression":{"__symbolic":"reference","module":"@angular/core","name":"Input","line":129,"character":3}},{"__symbolic":"call","expression":{"__symbolic":"reference","module":"ng-zorro-antd/core/util","name":"InputBoolean","line":129,"character":12}}]}],"nzShowExpand":[{"__symbolic":"property","decorators":[{"__symbolic":"call","expression":{"__symbolic":"reference","module":"@angular/core","name":"Input","line":130,"character":3}},{"__symbolic":"call","expression":{"__symbolic":"reference","module":"ng-zorro-antd/core/util","name":"InputBoolean","line":130,"character":12}}]}],"nzCheckable":[{"__symbolic":"property","decorators":[{"__symbolic":"call","expression":{"__symbolic":"reference","module":"@angular/core","name":"Input","line":131,"character":3}},{"__symbolic":"call","expression":{"__symbolic":"reference","module":"ng-zorro-antd/core/util","name":"InputBoolean","line":131,"character":12}}]}],"nzAsyncData":[{"__symbolic":"property","decorators":[{"__symbolic":"call","expression":{"__symbolic":"reference","module":"@angular/core","name":"Input","line":132,"character":3}},{"__symbolic":"call","expression":{"__symbolic":"reference","module":"ng-zorro-antd/core/util","name":"InputBoolean","line":132,"character":12}}]}],"nzHideUnMatched":[{"__symbolic":"property","decorators":[{"__symbolic":"call","expression":{"__symbolic":"reference","module":"@angular/core","name":"Input","line":133,"character":3}},{"__symbolic":"call","expression":{"__symbolic":"reference","module":"ng-zorro-antd/core/util","name":"InputBoolean","line":133,"character":12}}]}],"nzNoAnimation":[{"__symbolic":"property","decorators":[{"__symbolic":"call","expression":{"__symbolic":"reference","module":"@angular/core","name":"Input","line":134,"character":3}},{"__symbolic":"call","expression":{"__symbolic":"reference","module":"ng-zorro-antd/core/util","name":"InputBoolean","line":134,"character":12}}]}],"nzSelectMode":[{"__symbolic":"property","decorators":[{"__symbolic":"call","expression":{"__symbolic":"reference","module":"@angular/core","name":"Input","line":135,"character":3}},{"__symbolic":"call","expression":{"__symbolic":"reference","module":"ng-zorro-antd/core/util","name":"InputBoolean","line":135,"character":12}}]}],"nzShowIcon":[{"__symbolic":"property","decorators":[{"__symbolic":"call","expression":{"__symbolic":"reference","module":"@angular/core","name":"Input","line":136,"character":3}},{"__symbolic":"call","expression":{"__symbolic":"reference","module":"ng-zorro-antd/core/util","name":"InputBoolean","line":136,"character":12}}]}],"nzExpandedIcon":[{"__symbolic":"property","decorators":[{"__symbolic":"call","expression":{"__symbolic":"reference","module":"@angular/core","name":"Input","line":137,"character":3}}]}],"nzTreeTemplate":[{"__symbolic":"property","decorators":[{"__symbolic":"call","expression":{"__symbolic":"reference","module":"@angular/core","name":"Input","line":138,"character":3}}]}],"nzBeforeDrop":[{"__symbolic":"property","decorators":[{"__symbolic":"call","expression":{"__symbolic":"reference","module":"@angular/core","name":"Input","line":139,"character":3}}]}],"nzSearchValue":[{"__symbolic":"property","decorators":[{"__symbolic":"call","expression":{"__symbolic":"reference","module":"@angular/core","name":"Input","line":140,"character":3}}]}],"nzDraggable":[{"__symbolic":"property","decorators":[{"__symbolic":"call","expression":{"__symbolic":"reference","module":"@angular/core","name":"Input","line":141,"character":3}}]}],"nzClick":[{"__symbolic":"property","decorators":[{"__symbolic":"call","expression":{"__symbolic":"reference","module":"@angular/core","name":"Output","line":142,"character":3}}]}],"nzDblClick":[{"__symbolic":"property","decorators":[{"__symbolic":"call","expression":{"__symbolic":"reference","module":"@angular/core","name":"Output","line":143,"character":3}}]}],"nzContextMenu":[{"__symbolic":"property","decorators":[{"__symbolic":"call","expression":{"__symbolic":"reference","module":"@angular/core","name":"Output","line":144,"character":3}}]}],"nzCheckBoxChange":[{"__symbolic":"property","decorators":[{"__symbolic":"call","expression":{"__symbolic":"reference","module":"@angular/core","name":"Output","line":145,"character":3}}]}],"nzExpandChange":[{"__symbolic":"property","decorators":[{"__symbolic":"call","expression":{"__symbolic":"reference","module":"@angular/core","name":"Output","line":146,"character":3}}]}],"nzOnDragStart":[{"__symbolic":"property","decorators":[{"__symbolic":"call","expression":{"__symbolic":"reference","module":"@angular/core","name":"Output","line":147,"character":3}}]}],"nzOnDragEnter":[{"__symbolic":"property","decorators":[{"__symbolic":"call","expression":{"__symbolic":"reference","module":"@angular/core","name":"Output","line":148,"character":3}}]}],"nzOnDragOver":[{"__symbolic":"property","decorators":[{"__symbolic":"call","expression":{"__symbolic":"reference","module":"@angular/core","name":"Output","line":149,"character":3}}]}],"nzOnDragLeave":[{"__symbolic":"property","decorators":[{"__symbolic":"call","expression":{"__symbolic":"reference","module":"@angular/core","name":"Output","line":150,"character":3}}]}],"nzOnDrop":[{"__symbolic":"property","decorators":[{"__symbolic":"call","expression":{"__symbolic":"reference","module":"@angular/core","name":"Output","line":151,"character":3}}]}],"nzOnDragEnd":[{"__symbolic":"property","decorators":[{"__symbolic":"call","expression":{"__symbolic":"reference","module":"@angular/core","name":"Output","line":152,"character":3}}]}],"onMousedown":[{"__symbolic":"method"}],"clickExpand":[{"__symbolic":"method"}],"clickSelect":[{"__symbolic":"method"}],"dblClick":[{"__symbolic":"method"}],"contextMenu":[{"__symbolic":"method"}],"clickCheckBox":[{"__symbolic":"method"}],"clearDragClass":[{"__symbolic":"method"}],"handleDragStart":[{"__symbolic":"method"}],"handleDragEnter":[{"__symbolic":"method"}],"handleDragOver":[{"__symbolic":"method"}],"handleDragLeave":[{"__symbolic":"method"}],"handleDragDrop":[{"__symbolic":"method"}],"handleDragEnd":[{"__symbolic":"method"}],"handDragEvent":[{"__symbolic":"method"}],"markForCheck":[{"__symbolic":"method"}],"__ctor__":[{"__symbolic":"constructor","parameterDecorators":[null,null,null,null,null,[{"__symbolic":"call","expression":{"__symbolic":"reference","module":"@angular/core","name":"Host","line":383,"character":5}},{"__symbolic":"call","expression":{"__symbolic":"reference","module":"@angular/core","name":"Optional","line":383,"character":13}}]],"parameters":[{"__symbolic":"reference","module":"ng-zorro-antd/core/tree","name":"NzTreeBaseService","line":378,"character":26},{"__symbolic":"reference","module":"@angular/core","name":"NgZone","line":379,"character":20},{"__symbolic":"reference","module":"@angular/core","name":"Renderer2","line":380,"character":22},{"__symbolic":"reference","module":"@angular/core","name":"ElementRef","line":381,"character":24},{"__symbolic":"reference","module":"@angular/core","name":"ChangeDetectorRef","line":382,"character":17},{"__symbolic":"reference","module":"ng-zorro-antd/core/no-animation","name":"NzNoAnimationDirective","line":383,"character":45}]}],"ngOnInit":[{"__symbolic":"method"}],"ngOnChanges":[{"__symbolic":"method"}],"ngOnDestroy":[{"__symbolic":"method"}]}},"NzTreeIndentComponent":{"__symbolic":"class","decorators":[{"__symbolic":"call","expression":{"__symbolic":"reference","module":"@angular/core","name":"Component","line":7,"character":1},"arguments":[{"selector":"nz-tree-indent","exportAs":"nzTreeIndent","template":" <span *ngFor=\"let i of listOfUnit; let index = index\" [ngClass]=\"unitMapOfClass(index)\"></span> ","changeDetection":{"__symbolic":"select","expression":{"__symbolic":"reference","module":"@angular/core","name":"ChangeDetectionStrategy","line":11,"character":19},"member":"OnPush"},"preserveWhitespaces":false,"host":{"[attr.aria-hidden]":"true","[class.ant-tree-indent]":"!nzSelectMode","[class.ant-select-tree-indent]":"nzSelectMode","$quoted$":["[attr.aria-hidden]","[class.ant-tree-indent]","[class.ant-select-tree-indent]"]}}]}],"members":{"nzTreeLevel":[{"__symbolic":"property","decorators":[{"__symbolic":"call","expression":{"__symbolic":"reference","module":"@angular/core","name":"Input","line":20,"character":3}}]}],"nzIsStart":[{"__symbolic":"property","decorators":[{"__symbolic":"call","expression":{"__symbolic":"reference","module":"@angular/core","name":"Input","line":21,"character":3}}]}],"nzIsEnd":[{"__symbolic":"property","decorators":[{"__symbolic":"call","expression":{"__symbolic":"reference","module":"@angular/core","name":"Input","line":22,"character":3}}]}],"nzSelectMode":[{"__symbolic":"property","decorators":[{"__symbolic":"call","expression":{"__symbolic":"reference","module":"@angular/core","name":"Input","line":23,"character":3}}]}],"unitMapOfClass":[{"__symbolic":"method"}],"ngOnInit":[{"__symbolic":"method"}],"ngOnChanges":[{"__symbolic":"method"}]}},"NzTreeService":{"__symbolic":"class","extends":{"__symbolic":"reference","module":"ng-zorro-antd/core/tree","name":"NzTreeBaseService","line":9,"character":35},"decorators":[{"__symbolic":"call","expression":{"__symbolic":"reference","module":"@angular/core","name":"Injectable","line":8,"character":1}}],"members":{"__ctor__":[{"__symbolic":"constructor"}]}},"NzTreeNodeSwitcherComponent":{"__symbolic":"class","decorators":[{"__symbolic":"call","expression":{"__symbolic":"reference","module":"@angular/core","name":"Component","line":8,"character":1},"arguments":[{"selector":"nz-tree-node-switcher","template":"\n    <ng-container *ngIf=\"isShowSwitchIcon\">\n      <ng-container *ngIf=\"!isLoading; else loadingTemplate\">\n        <ng-container *nzStringTemplateOutlet=\"nzExpandedIcon; context: { $implicit: context, origin: context.origin }\">\n          <i\n            nz-icon\n            nzType=\"caret-down\"\n            [class.ant-select-tree-switcher-icon]=\"nzSelectMode\"\n            [class.ant-tree-switcher-icon]=\"!nzSelectMode\"\n          ></i>\n        </ng-container>\n      </ng-container>\n    </ng-container>\n    <ng-container *ngIf=\"nzShowLine\">\n      <ng-container *ngIf=\"!isLoading; else loadingTemplate\">\n        <ng-container *nzStringTemplateOutlet=\"nzExpandedIcon; context: { $implicit: context, origin: context.origin }\">\n          <i\n            *ngIf=\"isShowLineIcon\"\n            nz-icon\n            [nzType]=\"isSwitcherOpen ? 'minus-square' : 'plus-square'\"\n            class=\"ant-tree-switcher-line-icon\"\n          ></i>\n          <i *ngIf=\"!isShowLineIcon\" nz-icon nzType=\"file\" class=\"ant-tree-switcher-line-icon\"></i>\n        </ng-container>\n      </ng-container>\n    </ng-container>\n    <ng-template #loadingTemplate>\n      <i nz-icon nzType=\"loading\" [nzSpin]=\"true\" class=\"ant-tree-switcher-loading-icon\"></i>\n    </ng-template>\n  ","changeDetection":{"__symbolic":"select","expression":{"__symbolic":"reference","module":"@angular/core","name":"ChangeDetectionStrategy","line":40,"character":19},"member":"OnPush"},"preserveWhitespaces":false,"host":{"[class.ant-select-tree-switcher]":"nzSelectMode","[class.ant-select-tree-switcher-noop]":"nzSelectMode && isLeaf","[class.ant-select-tree-switcher_open]":"nzSelectMode && isSwitcherOpen","[class.ant-select-tree-switcher_close]":"nzSelectMode && isSwitcherClose","[class.ant-tree-switcher]":"!nzSelectMode","[class.ant-tree-switcher-noop]":"!nzSelectMode && isLeaf","[class.ant-tree-switcher_open]":"!nzSelectMode && isSwitcherOpen","[class.ant-tree-switcher_close]":"!nzSelectMode && isSwitcherClose","$quoted$":["[class.ant-select-tree-switcher]","[class.ant-select-tree-switcher-noop]","[class.ant-select-tree-switcher_open]","[class.ant-select-tree-switcher_close]","[class.ant-tree-switcher]","[class.ant-tree-switcher-noop]","[class.ant-tree-switcher_open]","[class.ant-tree-switcher_close]"]}}]}],"members":{"nzShowExpand":[{"__symbolic":"property","decorators":[{"__symbolic":"call","expression":{"__symbolic":"reference","module":"@angular/core","name":"Input","line":54,"character":3}}]}],"nzShowLine":[{"__symbolic":"property","decorators":[{"__symbolic":"call","expression":{"__symbolic":"reference","module":"@angular/core","name":"Input","line":55,"character":3}}]}],"nzExpandedIcon":[{"__symbolic":"property","decorators":[{"__symbolic":"call","expression":{"__symbolic":"reference","module":"@angular/core","name":"Input","line":56,"character":3}}]}],"nzSelectMode":[{"__symbolic":"property","decorators":[{"__symbolic":"call","expression":{"__symbolic":"reference","module":"@angular/core","name":"Input","line":57,"character":3}}]}],"context":[{"__symbolic":"property","decorators":[{"__symbolic":"call","expression":{"__symbolic":"reference","module":"@angular/core","name":"Input","line":58,"character":3}}]}],"isLeaf":[{"__symbolic":"property","decorators":[{"__symbolic":"call","expression":{"__symbolic":"reference","module":"@angular/core","name":"Input","line":59,"character":3}}]}],"isLoading":[{"__symbolic":"property","decorators":[{"__symbolic":"call","expression":{"__symbolic":"reference","module":"@angular/core","name":"Input","line":60,"character":3}}]}],"isExpanded":[{"__symbolic":"property","decorators":[{"__symbolic":"call","expression":{"__symbolic":"reference","module":"@angular/core","name":"Input","line":61,"character":3}}]}]}},"NzTreeNodeCheckboxComponent":{"__symbolic":"class","decorators":[{"__symbolic":"call","expression":{"__symbolic":"reference","module":"@angular/core","name":"Component","line":7,"character":1},"arguments":[{"selector":"nz-tree-node-checkbox","template":" <span [class.ant-tree-checkbox-inner]=\"!nzSelectMode\" [class.ant-select-tree-checkbox-inner]=\"nzSelectMode\"></span> ","changeDetection":{"__symbolic":"select","expression":{"__symbolic":"reference","module":"@angular/core","name":"ChangeDetectionStrategy","line":10,"character":19},"member":"OnPush"},"preserveWhitespaces":false,"host":{"[class.ant-select-tree-checkbox]":"nzSelectMode","[class.ant-select-tree-checkbox-checked]":"nzSelectMode && isChecked","[class.ant-select-tree-checkbox-indeterminate]":"nzSelectMode && isHalfChecked","[class.ant-select-tree-checkbox-disabled]":"nzSelectMode && (isDisabled || isDisableCheckbox)","[class.ant-tree-checkbox]":"!nzSelectMode","[class.ant-tree-checkbox-checked]":"!nzSelectMode && isChecked","[class.ant-tree-checkbox-indeterminate]":"!nzSelectMode && isHalfChecked","[class.ant-tree-checkbox-disabled]":"!nzSelectMode && (isDisabled || isDisableCheckbox)","$quoted$":["[class.ant-select-tree-checkbox]","[class.ant-select-tree-checkbox-checked]","[class.ant-select-tree-checkbox-indeterminate]","[class.ant-select-tree-checkbox-disabled]","[class.ant-tree-checkbox]","[class.ant-tree-checkbox-checked]","[class.ant-tree-checkbox-indeterminate]","[class.ant-tree-checkbox-disabled]"]}}]}],"members":{"nzSelectMode":[{"__symbolic":"property","decorators":[{"__symbolic":"call","expression":{"__symbolic":"reference","module":"@angular/core","name":"Input","line":24,"character":3}}]}],"isChecked":[{"__symbolic":"property","decorators":[{"__symbolic":"call","expression":{"__symbolic":"reference","module":"@angular/core","name":"Input","line":25,"character":3}}]}],"isHalfChecked":[{"__symbolic":"property","decorators":[{"__symbolic":"call","expression":{"__symbolic":"reference","module":"@angular/core","name":"Input","line":26,"character":3}}]}],"isDisabled":[{"__symbolic":"property","decorators":[{"__symbolic":"call","expression":{"__symbolic":"reference","module":"@angular/core","name":"Input","line":27,"character":3}}]}],"isDisableCheckbox":[{"__symbolic":"property","decorators":[{"__symbolic":"call","expression":{"__symbolic":"reference","module":"@angular/core","name":"Input","line":28,"character":3}}]}]}},"NzTreeNodeTitleComponent":{"__symbolic":"class","decorators":[{"__symbolic":"call","expression":{"__symbolic":"reference","module":"@angular/core","name":"Component","line":8,"character":1},"arguments":[{"selector":"nz-tree-node-title","template":" <ng-template [ngTemplateOutlet]=\"treeTemplate\" [ngTemplateOutletContext]=\"{ $implicit: context, origin: context.origin }\">\n    </ng-template>\n    <ng-container *ngIf=\"!treeTemplate\">\n      <span\n        *ngIf=\"icon && showIcon\"\n        [class.ant-tree-icon__open]=\"isSwitcherOpen\"\n        [class.ant-tree-icon__close]=\"isSwitcherClose\"\n        [class.ant-tree-icon_loading]=\"isLoading\"\n        [class.ant-select-tree-iconEle]=\"selectMode\"\n        [class.ant-tree-iconEle]=\"!selectMode\"\n      >\n        <span\n          [class.ant-select-tree-iconEle]=\"selectMode\"\n          [class.ant-select-tree-icon__customize]=\"selectMode\"\n          [class.ant-tree-iconEle]=\"!selectMode\"\n          [class.ant-tree-icon__customize]=\"!selectMode\"\n        >\n          <i nz-icon *ngIf=\"icon\" [nzType]=\"icon\"></i>\n        </span>\n      </span>\n      <span class=\"ant-tree-title\" [innerHTML]=\"title | nzHighlight: matchedValue:'i':'font-highlight'\"> </span>\n    </ng-container>","changeDetection":{"__symbolic":"select","expression":{"__symbolic":"reference","module":"@angular/core","name":"ChangeDetectionStrategy","line":32,"character":19},"member":"OnPush"},"preserveWhitespaces":false,"host":{"[attr.title]":"title","[attr.draggable]":"canDraggable","[attr.aria-grabbed]":"canDraggable","[class.draggable]":"canDraggable","[class.ant-select-tree-node-content-wrapper]":"selectMode","[class.ant-select-tree-node-content-wrapper-open]":"selectMode && isSwitcherOpen","[class.ant-select-tree-node-content-wrapper-close]":"selectMode && isSwitcherClose","[class.ant-select-tree-node-selected]":"selectMode && isSelected","[class.ant-tree-node-content-wrapper]":"!selectMode","[class.ant-tree-node-content-wrapper-open]":"!selectMode && isSwitcherOpen","[class.ant-tree-node-content-wrapper-close]":"!selectMode && isSwitcherClose","[class.ant-tree-node-selected]":"!selectMode && isSelected","$quoted$":["[attr.title]","[attr.draggable]","[attr.aria-grabbed]","[class.draggable]","[class.ant-select-tree-node-content-wrapper]","[class.ant-select-tree-node-content-wrapper-open]","[class.ant-select-tree-node-content-wrapper-close]","[class.ant-select-tree-node-selected]","[class.ant-tree-node-content-wrapper]","[class.ant-tree-node-content-wrapper-open]","[class.ant-tree-node-content-wrapper-close]","[class.ant-tree-node-selected]"]}}]}],"members":{"searchValue":[{"__symbolic":"property","decorators":[{"__symbolic":"call","expression":{"__symbolic":"reference","module":"@angular/core","name":"Input","line":50,"character":3}}]}],"treeTemplate":[{"__symbolic":"property","decorators":[{"__symbolic":"call","expression":{"__symbolic":"reference","module":"@angular/core","name":"Input","line":51,"character":3}}]}],"draggable":[{"__symbolic":"property","decorators":[{"__symbolic":"call","expression":{"__symbolic":"reference","module":"@angular/core","name":"Input","line":52,"character":3}}]}],"showIcon":[{"__symbolic":"property","decorators":[{"__symbolic":"call","expression":{"__symbolic":"reference","module":"@angular/core","name":"Input","line":53,"character":3}}]}],"selectMode":[{"__symbolic":"property","decorators":[{"__symbolic":"call","expression":{"__symbolic":"reference","module":"@angular/core","name":"Input","line":54,"character":3}}]}],"context":[{"__symbolic":"property","decorators":[{"__symbolic":"call","expression":{"__symbolic":"reference","module":"@angular/core","name":"Input","line":55,"character":3}}]}],"icon":[{"__symbolic":"property","decorators":[{"__symbolic":"call","expression":{"__symbolic":"reference","module":"@angular/core","name":"Input","line":56,"character":3}}]}],"title":[{"__symbolic":"property","decorators":[{"__symbolic":"call","expression":{"__symbolic":"reference","module":"@angular/core","name":"Input","line":57,"character":3}}]}],"isLoading":[{"__symbolic":"property","decorators":[{"__symbolic":"call","expression":{"__symbolic":"reference","module":"@angular/core","name":"Input","line":58,"character":3}}]}],"isSelected":[{"__symbolic":"property","decorators":[{"__symbolic":"call","expression":{"__symbolic":"reference","module":"@angular/core","name":"Input","line":59,"character":3}}]}],"isDisabled":[{"__symbolic":"property","decorators":[{"__symbolic":"call","expression":{"__symbolic":"reference","module":"@angular/core","name":"Input","line":60,"character":3}}]}],"isMatched":[{"__symbolic":"property","decorators":[{"__symbolic":"call","expression":{"__symbolic":"reference","module":"@angular/core","name":"Input","line":61,"character":3}}]}],"isExpanded":[{"__symbolic":"property","decorators":[{"__symbolic":"call","expression":{"__symbolic":"reference","module":"@angular/core","name":"Input","line":62,"character":3}}]}],"isLeaf":[{"__symbolic":"property","decorators":[{"__symbolic":"call","expression":{"__symbolic":"reference","module":"@angular/core","name":"Input","line":63,"character":3}}]}]}}},"origins":{"NzTreeModule":"./tree.module","NzTreeServiceFactory":"./tree.component","NzTreeComponent":"./tree.component","NzTreeNodeComponent":"./tree-node.component","NzTreeIndentComponent":"./tree-indent.component","NzTreeService":"./tree.service","NzTreeNodeSwitcherComponent":"./tree-node-switcher.component","NzTreeNodeCheckboxComponent":"./tree-node-checkbox.component","NzTreeNodeTitleComponent":"./tree-node-title.component"},"importAs":"ng-zorro-antd/tree"}