{"__symbolic":"module","version":4,"metadata":{"NzDropDownDirective":{"__symbolic":"class","decorators":[{"__symbolic":"call","expression":{"__symbolic":"reference","module":"@angular/core","name":"Directive","line":31,"character":1},"arguments":[{"selector":"[nz-dropdown]","exportAs":"nzDropdown","host":{"[attr.disabled]":"nzDisabled ? '' : null","[class.ant-dropdown-trigger]":"true","$quoted$":["[attr.disabled]","[class.ant-dropdown-trigger]"]}}]}],"members":{"nzDropdownMenu":[{"__symbolic":"property","decorators":[{"__symbolic":"call","expression":{"__symbolic":"reference","module":"@angular/core","name":"Input","line":52,"character":3}}]}],"nzTrigger":[{"__symbolic":"property","decorators":[{"__symbolic":"call","expression":{"__symbolic":"reference","module":"@angular/core","name":"Input","line":53,"character":3}}]}],"nzMatchWidthElement":[{"__symbolic":"property","decorators":[{"__symbolic":"call","expression":{"__symbolic":"reference","module":"@angular/core","name":"Input","line":54,"character":3}}]}],"nzBackdrop":[{"__symbolic":"property","decorators":[{"__symbolic":"call","expression":{"__symbolic":"reference","module":"@angular/core","name":"Input","line":55,"character":3}},{"__symbolic":"call","expression":{"__symbolic":"reference","module":"ng-zorro-antd/core/util","name":"InputBoolean","line":55,"character":12}}]}],"nzClickHide":[{"__symbolic":"property","decorators":[{"__symbolic":"call","expression":{"__symbolic":"reference","module":"@angular/core","name":"Input","line":56,"character":3}},{"__symbolic":"call","expression":{"__symbolic":"reference","module":"ng-zorro-antd/core/util","name":"InputBoolean","line":56,"character":12}}]}],"nzDisabled":[{"__symbolic":"property","decorators":[{"__symbolic":"call","expression":{"__symbolic":"reference","module":"@angular/core","name":"Input","line":57,"character":3}},{"__symbolic":"call","expression":{"__symbolic":"reference","module":"ng-zorro-antd/core/util","name":"InputBoolean","line":57,"character":12}}]}],"nzVisible":[{"__symbolic":"property","decorators":[{"__symbolic":"call","expression":{"__symbolic":"reference","module":"@angular/core","name":"Input","line":58,"character":3}},{"__symbolic":"call","expression":{"__symbolic":"reference","module":"ng-zorro-antd/core/util","name":"InputBoolean","line":58,"character":12}}]}],"nzOverlayClassName":[{"__symbolic":"property","decorators":[{"__symbolic":"call","expression":{"__symbolic":"reference","module":"@angular/core","name":"Input","line":59,"character":3}}]}],"nzOverlayStyle":[{"__symbolic":"property","decorators":[{"__symbolic":"call","expression":{"__symbolic":"reference","module":"@angular/core","name":"Input","line":60,"character":3}}]}],"nzPlacement":[{"__symbolic":"property","decorators":[{"__symbolic":"call","expression":{"__symbolic":"reference","module":"@angular/core","name":"Input","line":61,"character":3}}]}],"nzVisibleChange":[{"__symbolic":"property","decorators":[{"__symbolic":"call","expression":{"__symbolic":"reference","module":"@angular/core","name":"Output","line":62,"character":3}}]}],"setDropdownMenuValue":[{"__symbolic":"method"}],"__ctor__":[{"__symbolic":"constructor","parameters":[{"__symbolic":"reference","module":"@angular/core","name":"ElementRef","line":71,"character":23},{"__symbolic":"reference","module":"@angular/cdk/overlay","name":"Overlay","line":72,"character":21},{"__symbolic":"reference","module":"@angular/core","name":"ViewContainerRef","line":73,"character":30},{"__symbolic":"reference","module":"@angular/cdk/platform","name":"Platform","line":74,"character":22}]}],"ngOnInit":[{"__symbolic":"method"}],"ngAfterViewInit":[{"__symbolic":"method"}],"ngOnDestroy":[{"__symbolic":"method"}],"ngOnChanges":[{"__symbolic":"method"}]}},"NzDropDownModule":{"__symbolic":"class","decorators":[{"__symbolic":"call","expression":{"__symbolic":"reference","module":"@angular/core","name":"NgModule","line":24,"character":1},"arguments":[{"imports":[{"__symbolic":"reference","module":"@angular/common","name":"CommonModule","line":26,"character":4},{"__symbolic":"reference","module":"@angular/cdk/overlay","name":"OverlayModule","line":27,"character":4},{"__symbolic":"reference","module":"@angular/forms","name":"FormsModule","line":28,"character":4},{"__symbolic":"reference","module":"ng-zorro-antd/button","name":"NzButtonModule","line":29,"character":4},{"__symbolic":"reference","module":"ng-zorro-antd/menu","name":"NzMenuModule","line":30,"character":4},{"__symbolic":"reference","module":"ng-zorro-antd/icon","name":"NzIconModule","line":31,"character":4},{"__symbolic":"reference","module":"ng-zorro-antd/core/no-animation","name":"NzNoAnimationModule","line":32,"character":4},{"__symbolic":"reference","module":"@angular/cdk/platform","name":"PlatformModule","line":33,"character":4},{"__symbolic":"reference","module":"ng-zorro-antd/core/overlay","name":"NzOverlayModule","line":34,"character":4},{"__symbolic":"reference","name":"NzContextMenuServiceModule"},{"__symbolic":"reference","module":"ng-zorro-antd/core/outlet","name":"NzOutletModule","line":36,"character":4}],"entryComponents":[{"__symbolic":"reference","name":"NzDropdownMenuComponent"}],"declarations":[{"__symbolic":"reference","name":"NzDropDownDirective"},{"__symbolic":"reference","name":"NzDropDownADirective"},{"__symbolic":"reference","name":"NzDropdownMenuComponent"},{"__symbolic":"reference","name":"NzDropdownButtonDirective"}],"exports":[{"__symbolic":"reference","module":"ng-zorro-antd/menu","name":"NzMenuModule","line":40,"character":12},{"__symbolic":"reference","name":"NzDropDownDirective"},{"__symbolic":"reference","name":"NzDropDownADirective"},{"__symbolic":"reference","name":"NzDropdownMenuComponent"},{"__symbolic":"reference","name":"NzDropdownButtonDirective"}]}]}],"members":{}},"NzDropDownADirective":{"__symbolic":"class","decorators":[{"__symbolic":"call","expression":{"__symbolic":"reference","module":"@angular/core","name":"Directive","line":7,"character":1},"arguments":[{"selector":"a[nz-dropdown]","host":{"[class.ant-dropdown-link]":"true","$quoted$":["[class.ant-dropdown-link]"]}}]}],"members":{}},"NzDropdownButtonDirective":{"__symbolic":"class","decorators":[{"__symbolic":"call","expression":{"__symbolic":"reference","module":"@angular/core","name":"Directive","line":8,"character":1},"arguments":[{"selector":"[nz-button][nz-dropdown]"}]}],"members":{"__ctor__":[{"__symbolic":"constructor","parameterDecorators":[null,[{"__symbolic":"call","expression":{"__symbolic":"reference","module":"@angular/core","name":"Host","line":14,"character":5}},{"__symbolic":"call","expression":{"__symbolic":"reference","module":"@angular/core","name":"Optional","line":14,"character":13}}],null],"parameters":[{"__symbolic":"reference","module":"@angular/core","name":"Renderer2","line":13,"character":22},{"__symbolic":"reference","module":"ng-zorro-antd/button","name":"NzButtonGroupComponent","line":14,"character":56},{"__symbolic":"reference","module":"@angular/core","name":"ElementRef","line":15,"character":24}]}],"ngAfterViewInit":[{"__symbolic":"method"}]}},"NzPlacementType":{"__symbolic":"interface"},"NzDropdownMenuComponent":{"__symbolic":"class","decorators":[{"__symbolic":"call","expression":{"__symbolic":"reference","module":"@angular/core","name":"Component","line":27,"character":1},"arguments":[{"selector":"nz-dropdown-menu","exportAs":"nzDropdownMenu","animations":[{"__symbolic":"reference","module":"ng-zorro-antd/core/animation","name":"slideMotion","line":30,"character":15}],"providers":[{"__symbolic":"reference","module":"ng-zorro-antd/menu","name":"MenuService","line":32,"character":4},{"provide":{"__symbolic":"reference","module":"ng-zorro-antd/menu","name":"NzIsMenuInsideDropDownToken","line":35,"character":15},"useValue":true}],"template":"\n    <ng-template>\n      <div\n        class=\"ant-dropdown\"\n        [ngClass]=\"nzOverlayClassName\"\n        [ngStyle]=\"nzOverlayStyle\"\n        [@slideMotion]=\"dropDownPosition\"\n        [@.disabled]=\"noAnimation?.nzNoAnimation\"\n        [nzNoAnimation]=\"noAnimation?.nzNoAnimation\"\n        (mouseenter)=\"setMouseState(true)\"\n        (mouseleave)=\"setMouseState(false)\"\n      >\n        <ng-content></ng-content>\n      </div>\n    </ng-template>\n  ","preserveWhitespaces":false,"encapsulation":{"__symbolic":"select","expression":{"__symbolic":"reference","module":"@angular/core","name":"ViewEncapsulation","line":56,"character":17},"member":"None"},"changeDetection":{"__symbolic":"select","expression":{"__symbolic":"reference","module":"@angular/core","name":"ChangeDetectionStrategy","line":57,"character":19},"member":"OnPush"}}]}],"members":{"templateRef":[{"__symbolic":"property","decorators":[{"__symbolic":"call","expression":{"__symbolic":"reference","module":"@angular/core","name":"ViewChild","line":66,"character":3},"arguments":[{"__symbolic":"reference","module":"@angular/core","name":"TemplateRef","line":66,"character":13},{"static":true}]}]}],"setMouseState":[{"__symbolic":"method"}],"setValue":[{"__symbolic":"method"}],"__ctor__":[{"__symbolic":"constructor","parameterDecorators":[null,null,null,null,null,[{"__symbolic":"call","expression":{"__symbolic":"reference","module":"@angular/core","name":"Host","line":83,"character":5}},{"__symbolic":"call","expression":{"__symbolic":"reference","module":"@angular/core","name":"Optional","line":83,"character":13}}]],"parameters":[{"__symbolic":"reference","module":"@angular/core","name":"ChangeDetectorRef","line":78,"character":17},{"__symbolic":"reference","module":"@angular/core","name":"ElementRef","line":79,"character":24},{"__symbolic":"reference","module":"@angular/core","name":"Renderer2","line":80,"character":22},{"__symbolic":"reference","module":"@angular/core","name":"ViewContainerRef","line":81,"character":29},{"__symbolic":"reference","module":"ng-zorro-antd/menu","name":"MenuService","line":82,"character":26},{"__symbolic":"reference","module":"ng-zorro-antd/core/no-animation","name":"NzNoAnimationDirective","line":83,"character":45}]}],"ngAfterContentInit":[{"__symbolic":"method"}]}},"NzContextMenuService":{"__symbolic":"class","decorators":[{"__symbolic":"call","expression":{"__symbolic":"reference","module":"@angular/core","name":"Injectable","line":20,"character":1},"arguments":[{"providedIn":{"__symbolic":"reference","name":"NzContextMenuServiceModule"}}]}],"members":{"__ctor__":[{"__symbolic":"constructor","parameters":[{"__symbolic":"reference","module":"@angular/cdk/overlay","name":"Overlay","line":27,"character":31}]}],"create":[{"__symbolic":"method"}],"close":[{"__symbolic":"method"}]},"statics":{"ɵprov":{}}},"NzContextMenuServiceModule":{"__symbolic":"class","decorators":[{"__symbolic":"call","expression":{"__symbolic":"reference","module":"@angular/core","name":"NgModule","line":7,"character":1}}],"members":{}}},"origins":{"NzDropDownDirective":"./dropdown.directive","NzDropDownModule":"./dropdown.module","NzDropDownADirective":"./dropdown-a.directive","NzDropdownButtonDirective":"./dropdown-button.directive","NzPlacementType":"./dropdown-menu.component","NzDropdownMenuComponent":"./dropdown-menu.component","NzContextMenuService":"./context-menu.service","NzContextMenuServiceModule":"./context-menu.service.module"},"importAs":"ng-zorro-antd/dropdown"}