{"__symbolic":"module","version":4,"metadata":{"PREFIX":"[NG-ZORRO]:","warn":{"__symbolic":"error","message":"Lambda not supported","line":31,"character":20,"module":"./logger"},"warnDeprecation":{"__symbolic":"error","message":"Lambda not supported","line":33,"character":31,"module":"./logger"},"log":{"__symbolic":"error","message":"Lambda not supported","line":43,"character":19,"module":"./logger"}},"origins":{"PREFIX":"./logger","warn":"./logger","warnDeprecation":"./logger","log":"./logger"},"importAs":"ng-zorro-antd/core/logger"}