{"__symbolic":"module","version":4,"metadata":{"NzRateComponent":{"__symbolic":"class","decorators":[{"__symbolic":"call","expression":{"__symbolic":"reference","module":"@angular/core","name":"Component","line":34,"character":1},"arguments":[{"changeDetection":{"__symbolic":"select","expression":{"__symbolic":"reference","module":"@angular/core","name":"ChangeDetectionStrategy","line":35,"character":19},"member":"OnPush"},"encapsulation":{"__symbolic":"select","expression":{"__symbolic":"reference","module":"@angular/core","name":"ViewEncapsulation","line":36,"character":17},"member":"None"},"selector":"nz-rate","exportAs":"nzRate","preserveWhitespaces":false,"template":"\n    <ul\n      #ulElement\n      class=\"ant-rate\"\n      [class.ant-rate-disabled]=\"nzDisabled\"\n      [ngClass]=\"classMap\"\n      (blur)=\"onBlur($event)\"\n      (focus)=\"onFocus($event)\"\n      (keydown)=\"onKeyDown($event); $event.preventDefault()\"\n      (mouseleave)=\"onRateLeave(); $event.stopPropagation()\"\n      [tabindex]=\"nzDisabled ? -1 : 1\"\n    >\n      <li\n        *ngFor=\"let star of starArray; let i = index\"\n        class=\"ant-rate-star\"\n        [ngClass]=\"starStyleArray[i] || ''\"\n        nz-tooltip\n        [nzTooltipTitle]=\"nzTooltips[i]\"\n      >\n        <div\n          nz-rate-item\n          [allowHalf]=\"nzAllowHalf\"\n          [character]=\"nzCharacter\"\n          (itemHover)=\"onItemHover(i, $event)\"\n          (itemClick)=\"onItemClick(i, $event)\"\n        ></div>\n      </li>\n    </ul>\n  ","providers":[{"provide":{"__symbolic":"reference","module":"@angular/forms","name":"NG_VALUE_ACCESSOR","line":71,"character":15},"useExisting":{"__symbolic":"reference","name":"NzRateComponent"},"multi":true}]}]}],"members":{"ulElement":[{"__symbolic":"property","decorators":[{"__symbolic":"call","expression":{"__symbolic":"reference","module":"@angular/core","name":"ViewChild","line":84,"character":3},"arguments":["ulElement",{"static":false}]}]}],"nzAllowClear":[{"__symbolic":"property","decorators":[{"__symbolic":"call","expression":{"__symbolic":"reference","module":"@angular/core","name":"Input","line":86,"character":3}},{"__symbolic":"call","expression":{"__symbolic":"reference","module":"ng-zorro-antd/core/config","name":"WithConfig","line":86,"character":12},"arguments":["rate"]},{"__symbolic":"call","expression":{"__symbolic":"reference","module":"ng-zorro-antd/core/util","name":"InputBoolean","line":86,"character":50}}]}],"nzAllowHalf":[{"__symbolic":"property","decorators":[{"__symbolic":"call","expression":{"__symbolic":"reference","module":"@angular/core","name":"Input","line":87,"character":3}},{"__symbolic":"call","expression":{"__symbolic":"reference","module":"ng-zorro-antd/core/config","name":"WithConfig","line":87,"character":12},"arguments":["rate"]},{"__symbolic":"call","expression":{"__symbolic":"reference","module":"ng-zorro-antd/core/util","name":"InputBoolean","line":87,"character":50}}]}],"nzDisabled":[{"__symbolic":"property","decorators":[{"__symbolic":"call","expression":{"__symbolic":"reference","module":"@angular/core","name":"Input","line":88,"character":3}},{"__symbolic":"call","expression":{"__symbolic":"reference","module":"ng-zorro-antd/core/util","name":"InputBoolean","line":88,"character":12}}]}],"nzAutoFocus":[{"__symbolic":"property","decorators":[{"__symbolic":"call","expression":{"__symbolic":"reference","module":"@angular/core","name":"Input","line":89,"character":3}},{"__symbolic":"call","expression":{"__symbolic":"reference","module":"ng-zorro-antd/core/util","name":"InputBoolean","line":89,"character":12}}]}],"nzCharacter":[{"__symbolic":"property","decorators":[{"__symbolic":"call","expression":{"__symbolic":"reference","module":"@angular/core","name":"Input","line":90,"character":3}}]}],"nzCount":[{"__symbolic":"property","decorators":[{"__symbolic":"call","expression":{"__symbolic":"reference","module":"@angular/core","name":"Input","line":91,"character":3}},{"__symbolic":"call","expression":{"__symbolic":"reference","module":"ng-zorro-antd/core/util","name":"InputNumber","line":91,"character":12}}]}],"nzTooltips":[{"__symbolic":"property","decorators":[{"__symbolic":"call","expression":{"__symbolic":"reference","module":"@angular/core","name":"Input","line":92,"character":3}}]}],"nzOnBlur":[{"__symbolic":"property","decorators":[{"__symbolic":"call","expression":{"__symbolic":"reference","module":"@angular/core","name":"Output","line":93,"character":3}}]}],"nzOnFocus":[{"__symbolic":"property","decorators":[{"__symbolic":"call","expression":{"__symbolic":"reference","module":"@angular/core","name":"Output","line":94,"character":3}}]}],"nzOnHoverChange":[{"__symbolic":"property","decorators":[{"__symbolic":"call","expression":{"__symbolic":"reference","module":"@angular/core","name":"Output","line":95,"character":3}}]}],"nzOnKeyDown":[{"__symbolic":"property","decorators":[{"__symbolic":"call","expression":{"__symbolic":"reference","module":"@angular/core","name":"Output","line":96,"character":3}}]}],"__ctor__":[{"__symbolic":"constructor","parameters":[{"__symbolic":"reference","module":"ng-zorro-antd/core/config","name":"NzConfigService","line":122,"character":38},{"__symbolic":"reference","module":"@angular/core","name":"Renderer2","line":122,"character":73},{"__symbolic":"reference","module":"@angular/core","name":"ChangeDetectorRef","line":122,"character":97}]}],"ngOnChanges":[{"__symbolic":"method"}],"ngOnInit":[{"__symbolic":"method"}],"ngOnDestroy":[{"__symbolic":"method"}],"onItemClick":[{"__symbolic":"method"}],"onItemHover":[{"__symbolic":"method"}],"onRateLeave":[{"__symbolic":"method"}],"onFocus":[{"__symbolic":"method"}],"onBlur":[{"__symbolic":"method"}],"focus":[{"__symbolic":"method"}],"blur":[{"__symbolic":"method"}],"onKeyDown":[{"__symbolic":"method"}],"updateStarArray":[{"__symbolic":"method"}],"updateStarStyle":[{"__symbolic":"method"}],"writeValue":[{"__symbolic":"method"}],"setDisabledState":[{"__symbolic":"method"}],"registerOnChange":[{"__symbolic":"method"}],"registerOnTouched":[{"__symbolic":"method"}]}},"NzRateModule":{"__symbolic":"class","decorators":[{"__symbolic":"call","expression":{"__symbolic":"reference","module":"@angular/core","name":"NgModule","line":14,"character":1},"arguments":[{"exports":[{"__symbolic":"reference","name":"NzRateComponent"}],"declarations":[{"__symbolic":"reference","name":"NzRateComponent"},{"__symbolic":"reference","name":"NzRateItemComponent"}],"imports":[{"__symbolic":"reference","module":"@angular/common","name":"CommonModule","line":17,"character":12},{"__symbolic":"reference","module":"ng-zorro-antd/icon","name":"NzIconModule","line":17,"character":26},{"__symbolic":"reference","module":"ng-zorro-antd/tooltip","name":"NzToolTipModule","line":17,"character":40}]}]}],"members":{}},"NzRateItemComponent":{"__symbolic":"class","decorators":[{"__symbolic":"call","expression":{"__symbolic":"reference","module":"@angular/core","name":"Component","line":9,"character":1},"arguments":[{"changeDetection":{"__symbolic":"select","expression":{"__symbolic":"reference","module":"@angular/core","name":"ChangeDetectionStrategy","line":10,"character":19},"member":"OnPush"},"encapsulation":{"__symbolic":"select","expression":{"__symbolic":"reference","module":"@angular/core","name":"ViewEncapsulation","line":11,"character":17},"member":"None"},"selector":"[nz-rate-item]","exportAs":"nzRateItem","template":"\n    <div class=\"ant-rate-star-second\" (mouseover)=\"hoverRate(false); $event.stopPropagation()\" (click)=\"clickRate(false)\">\n      <ng-template [ngTemplateOutlet]=\"character || defaultCharacter\"></ng-template>\n    </div>\n    <div class=\"ant-rate-star-first\" (mouseover)=\"hoverRate(true); $event.stopPropagation()\" (click)=\"clickRate(true)\">\n      <ng-template [ngTemplateOutlet]=\"character || defaultCharacter\"></ng-template>\n    </div>\n\n    <ng-template #defaultCharacter>\n      <i nz-icon nzType=\"star\" nzTheme=\"fill\"></i>\n    </ng-template>\n  "}]}],"members":{"character":[{"__symbolic":"property","decorators":[{"__symbolic":"call","expression":{"__symbolic":"reference","module":"@angular/core","name":"Input","line":30,"character":3}}]}],"allowHalf":[{"__symbolic":"property","decorators":[{"__symbolic":"call","expression":{"__symbolic":"reference","module":"@angular/core","name":"Input","line":31,"character":3}},{"__symbolic":"call","expression":{"__symbolic":"reference","module":"ng-zorro-antd/core/util","name":"InputBoolean","line":31,"character":12}}]}],"itemHover":[{"__symbolic":"property","decorators":[{"__symbolic":"call","expression":{"__symbolic":"reference","module":"@angular/core","name":"Output","line":32,"character":3}}]}],"itemClick":[{"__symbolic":"property","decorators":[{"__symbolic":"call","expression":{"__symbolic":"reference","module":"@angular/core","name":"Output","line":33,"character":3}}]}],"hoverRate":[{"__symbolic":"method"}],"clickRate":[{"__symbolic":"method"}]}}},"origins":{"NzRateComponent":"./rate.component","NzRateModule":"./rate.module","NzRateItemComponent":"./rate-item.component"},"importAs":"ng-zorro-antd/rate"}