{"__symbolic":"module","version":4,"metadata":{"NzTransButtonModule":{"__symbolic":"class","decorators":[{"__symbolic":"call","expression":{"__symbolic":"reference","module":"@angular/core","name":"NgModule","line":10,"character":1},"arguments":[{"declarations":[{"__symbolic":"reference","name":"NzTransButtonDirective"}],"exports":[{"__symbolic":"reference","name":"NzTransButtonDirective"}],"imports":[{"__symbolic":"reference","module":"@angular/common","name":"CommonModule","line":13,"character":12}]}]}],"members":{}},"NzTransButtonDirective":{"__symbolic":"class","decorators":[{"__symbolic":"call","expression":{"__symbolic":"reference","module":"@angular/core","name":"Directive","line":7,"character":1},"arguments":[{"selector":"button[nz-trans-button]","host":{"[style.border]":"\"0\"","[style.background]":"\"transparent\"","[style.padding]":"\"0\"","[style.line-height]":"\"inherit\"","$quoted$":["[style.border]","[style.background]","[style.padding]","[style.line-height]"]}}]}],"members":{}}},"origins":{"NzTransButtonModule":"./nz-trans-button.module","NzTransButtonDirective":"./nz-trans-button.directive"},"importAs":"ng-zorro-antd/core/trans-button"}