{"__symbolic":"module","version":4,"metadata":{"NzConnectedOverlayDirective":{"__symbolic":"class","decorators":[{"__symbolic":"call","expression":{"__symbolic":"reference","module":"@angular/core","name":"Directive","line":8,"character":1},"arguments":[{"selector":"[cdkConnectedOverlay][nzConnectedOverlay]","exportAs":"nzConnectedOverlay"}]}],"members":{"__ctor__":[{"__symbolic":"constructor","parameters":[{"__symbolic":"reference","module":"@angular/cdk/overlay","name":"CdkConnectedOverlay","line":13,"character":43}]}]}},"NzOverlayModule":{"__symbolic":"class","decorators":[{"__symbolic":"call","expression":{"__symbolic":"reference","module":"@angular/core","name":"NgModule","line":8,"character":1},"arguments":[{"declarations":[{"__symbolic":"reference","name":"NzConnectedOverlayDirective"}],"exports":[{"__symbolic":"reference","name":"NzConnectedOverlayDirective"}]}]}],"members":{}},"POSITION_MAP":{"top":{"__symbolic":"new","expression":{"__symbolic":"reference","module":"@angular/cdk/overlay","name":"ConnectionPositionPair","line":8,"character":11},"arguments":[{"originX":"center","originY":"top"},{"overlayX":"center","overlayY":"bottom"}]},"topCenter":{"__symbolic":"new","expression":{"__symbolic":"reference","module":"@angular/cdk/overlay","name":"ConnectionPositionPair","line":9,"character":17},"arguments":[{"originX":"center","originY":"top"},{"overlayX":"center","overlayY":"bottom"}]},"topLeft":{"__symbolic":"new","expression":{"__symbolic":"reference","module":"@angular/cdk/overlay","name":"ConnectionPositionPair","line":10,"character":15},"arguments":[{"originX":"start","originY":"top"},{"overlayX":"start","overlayY":"bottom"}]},"topRight":{"__symbolic":"new","expression":{"__symbolic":"reference","module":"@angular/cdk/overlay","name":"ConnectionPositionPair","line":11,"character":16},"arguments":[{"originX":"end","originY":"top"},{"overlayX":"end","overlayY":"bottom"}]},"right":{"__symbolic":"new","expression":{"__symbolic":"reference","module":"@angular/cdk/overlay","name":"ConnectionPositionPair","line":12,"character":13},"arguments":[{"originX":"end","originY":"center"},{"overlayX":"start","overlayY":"center"}]},"rightTop":{"__symbolic":"new","expression":{"__symbolic":"reference","module":"@angular/cdk/overlay","name":"ConnectionPositionPair","line":13,"character":16},"arguments":[{"originX":"end","originY":"top"},{"overlayX":"start","overlayY":"top"}]},"rightBottom":{"__symbolic":"new","expression":{"__symbolic":"reference","module":"@angular/cdk/overlay","name":"ConnectionPositionPair","line":14,"character":19},"arguments":[{"originX":"end","originY":"bottom"},{"overlayX":"start","overlayY":"bottom"}]},"bottom":{"__symbolic":"new","expression":{"__symbolic":"reference","module":"@angular/cdk/overlay","name":"ConnectionPositionPair","line":15,"character":14},"arguments":[{"originX":"center","originY":"bottom"},{"overlayX":"center","overlayY":"top"}]},"bottomCenter":{"__symbolic":"new","expression":{"__symbolic":"reference","module":"@angular/cdk/overlay","name":"ConnectionPositionPair","line":16,"character":20},"arguments":[{"originX":"center","originY":"bottom"},{"overlayX":"center","overlayY":"top"}]},"bottomLeft":{"__symbolic":"new","expression":{"__symbolic":"reference","module":"@angular/cdk/overlay","name":"ConnectionPositionPair","line":17,"character":18},"arguments":[{"originX":"start","originY":"bottom"},{"overlayX":"start","overlayY":"top"}]},"bottomRight":{"__symbolic":"new","expression":{"__symbolic":"reference","module":"@angular/cdk/overlay","name":"ConnectionPositionPair","line":18,"character":19},"arguments":[{"originX":"end","originY":"bottom"},{"overlayX":"end","overlayY":"top"}]},"left":{"__symbolic":"new","expression":{"__symbolic":"reference","module":"@angular/cdk/overlay","name":"ConnectionPositionPair","line":19,"character":12},"arguments":[{"originX":"start","originY":"center"},{"overlayX":"end","overlayY":"center"}]},"leftTop":{"__symbolic":"new","expression":{"__symbolic":"reference","module":"@angular/cdk/overlay","name":"ConnectionPositionPair","line":20,"character":15},"arguments":[{"originX":"start","originY":"top"},{"overlayX":"end","overlayY":"top"}]},"leftBottom":{"__symbolic":"new","expression":{"__symbolic":"reference","module":"@angular/cdk/overlay","name":"ConnectionPositionPair","line":21,"character":18},"arguments":[{"originX":"start","originY":"bottom"},{"overlayX":"end","overlayY":"bottom"}]}},"DEFAULT_TOOLTIP_POSITIONS":[{"__symbolic":"select","expression":{"__symbolic":"reference","name":"POSITION_MAP"},"member":"top"},{"__symbolic":"select","expression":{"__symbolic":"reference","name":"POSITION_MAP"},"member":"right"},{"__symbolic":"select","expression":{"__symbolic":"reference","name":"POSITION_MAP"},"member":"bottom"},{"__symbolic":"select","expression":{"__symbolic":"reference","name":"POSITION_MAP"},"member":"left"}],"DEFAULT_CASCADER_POSITIONS":[{"__symbolic":"select","expression":{"__symbolic":"reference","name":"POSITION_MAP"},"member":"bottomLeft"},{"__symbolic":"select","expression":{"__symbolic":"reference","name":"POSITION_MAP"},"member":"bottomRight"},{"__symbolic":"select","expression":{"__symbolic":"reference","name":"POSITION_MAP"},"member":"topLeft"},{"__symbolic":"select","expression":{"__symbolic":"reference","name":"POSITION_MAP"},"member":"topRight"}],"DEFAULT_MENTION_TOP_POSITIONS":[{"__symbolic":"new","expression":{"__symbolic":"reference","module":"@angular/cdk/overlay","name":"ConnectionPositionPair","line":29,"character":6},"arguments":[{"originX":"start","originY":"bottom"},{"overlayX":"start","overlayY":"bottom"}]},{"__symbolic":"new","expression":{"__symbolic":"reference","module":"@angular/cdk/overlay","name":"ConnectionPositionPair","line":30,"character":6},"arguments":[{"originX":"start","originY":"bottom"},{"overlayX":"end","overlayY":"bottom"}]}],"DEFAULT_MENTION_BOTTOM_POSITIONS":[{"__symbolic":"select","expression":{"__symbolic":"reference","name":"POSITION_MAP"},"member":"bottomLeft"},{"__symbolic":"new","expression":{"__symbolic":"reference","module":"@angular/cdk/overlay","name":"ConnectionPositionPair","line":35,"character":6},"arguments":[{"originX":"start","originY":"bottom"},{"overlayX":"end","overlayY":"top"}]}],"getPlacementName":{"__symbolic":"function"}},"origins":{"NzConnectedOverlayDirective":"./nz-connected-overlay","NzOverlayModule":"./nz-overlay.module","POSITION_MAP":"./overlay-position","DEFAULT_TOOLTIP_POSITIONS":"./overlay-position","DEFAULT_CASCADER_POSITIONS":"./overlay-position","DEFAULT_MENTION_TOP_POSITIONS":"./overlay-position","DEFAULT_MENTION_BOTTOM_POSITIONS":"./overlay-position","getPlacementName":"./overlay-position"},"importAs":"ng-zorro-antd/core/overlay"}