{"__symbolic":"module","version":4,"metadata":{"NzCardGridDirective":{"__symbolic":"class","decorators":[{"__symbolic":"call","expression":{"__symbolic":"reference","module":"@angular/core","name":"Directive","line":9,"character":1},"arguments":[{"selector":"[nz-card-grid]","exportAs":"nzCardGrid","host":{"[class.ant-card-grid]":"true","[class.ant-card-hoverable]":"nzHoverable","$quoted$":["[class.ant-card-grid]","[class.ant-card-hoverable]"]}}]}],"members":{"nzHoverable":[{"__symbolic":"property","decorators":[{"__symbolic":"call","expression":{"__symbolic":"reference","module":"@angular/core","name":"Input","line":19,"character":3}},{"__symbolic":"call","expression":{"__symbolic":"reference","module":"ng-zorro-antd/core/util","name":"InputBoolean","line":19,"character":12}}]}]}},"NzCardComponent":{"__symbolic":"class","decorators":[{"__symbolic":"call","expression":{"__symbolic":"reference","module":"@angular/core","name":"Component","line":27,"character":1},"arguments":[{"selector":"nz-card","exportAs":"nzCard","preserveWhitespaces":false,"changeDetection":{"__symbolic":"select","expression":{"__symbolic":"reference","module":"@angular/core","name":"ChangeDetectionStrategy","line":31,"character":19},"member":"OnPush"},"encapsulation":{"__symbolic":"select","expression":{"__symbolic":"reference","module":"@angular/core","name":"ViewEncapsulation","line":32,"character":17},"member":"None"},"template":"\n    <div class=\"ant-card-head\" *ngIf=\"nzTitle || nzExtra || listOfNzCardTabComponent\">\n      <div class=\"ant-card-head-wrapper\">\n        <div class=\"ant-card-head-title\" *ngIf=\"nzTitle\">\n          <ng-container *nzStringTemplateOutlet=\"nzTitle\">{{ nzTitle }}</ng-container>\n        </div>\n        <div class=\"ant-card-extra\" *ngIf=\"nzExtra\">\n          <ng-container *nzStringTemplateOutlet=\"nzExtra\">{{ nzExtra }}</ng-container>\n        </div>\n      </div>\n      <ng-container *ngIf=\"listOfNzCardTabComponent\">\n        <ng-template [ngTemplateOutlet]=\"listOfNzCardTabComponent.template\"></ng-template>\n      </ng-container>\n    </div>\n    <div class=\"ant-card-cover\" *ngIf=\"nzCover\">\n      <ng-template [ngTemplateOutlet]=\"nzCover\"></ng-template>\n    </div>\n    <div class=\"ant-card-body\" [ngStyle]=\"nzBodyStyle\">\n      <ng-container *ngIf=\"!nzLoading; else loadingTemplate\">\n        <ng-content></ng-content>\n      </ng-container>\n      <ng-template #loadingTemplate>\n        <nz-card-loading></nz-card-loading>\n      </ng-template>\n    </div>\n    <ul class=\"ant-card-actions\" *ngIf=\"nzActions.length\">\n      <li *ngFor=\"let action of nzActions\" [style.width.%]=\"100 / nzActions.length\">\n        <span><ng-template [ngTemplateOutlet]=\"action\"></ng-template></span>\n      </li>\n    </ul>\n  ","host":{"[class.ant-card]":"true","[class.ant-card-loading]":"nzLoading","[class.ant-card-bordered]":"nzBordered","[class.ant-card-hoverable]":"nzHoverable","[class.ant-card-small]":"nzSize === \"small\"","[class.ant-card-contain-grid]":"listOfNzCardGridDirective && listOfNzCardGridDirective.length","[class.ant-card-type-inner]":"nzType === \"inner\"","[class.ant-card-contain-tabs]":"!!listOfNzCardTabComponent","$quoted$":["[class.ant-card]","[class.ant-card-loading]","[class.ant-card-bordered]","[class.ant-card-hoverable]","[class.ant-card-small]","[class.ant-card-contain-grid]","[class.ant-card-type-inner]","[class.ant-card-contain-tabs]"]}}]}],"members":{"nzBordered":[{"__symbolic":"property","decorators":[{"__symbolic":"call","expression":{"__symbolic":"reference","module":"@angular/core","name":"Input","line":80,"character":3}},{"__symbolic":"call","expression":{"__symbolic":"reference","module":"ng-zorro-antd/core/config","name":"WithConfig","line":80,"character":12},"arguments":["card"]},{"__symbolic":"call","expression":{"__symbolic":"reference","module":"ng-zorro-antd/core/util","name":"InputBoolean","line":80,"character":50}}]}],"nzLoading":[{"__symbolic":"property","decorators":[{"__symbolic":"call","expression":{"__symbolic":"reference","module":"@angular/core","name":"Input","line":81,"character":3}},{"__symbolic":"call","expression":{"__symbolic":"reference","module":"ng-zorro-antd/core/util","name":"InputBoolean","line":81,"character":12}}]}],"nzHoverable":[{"__symbolic":"property","decorators":[{"__symbolic":"call","expression":{"__symbolic":"reference","module":"@angular/core","name":"Input","line":82,"character":3}},{"__symbolic":"call","expression":{"__symbolic":"reference","module":"ng-zorro-antd/core/config","name":"WithConfig","line":82,"character":12},"arguments":["card"]},{"__symbolic":"call","expression":{"__symbolic":"reference","module":"ng-zorro-antd/core/util","name":"InputBoolean","line":82,"character":50}}]}],"nzBodyStyle":[{"__symbolic":"property","decorators":[{"__symbolic":"call","expression":{"__symbolic":"reference","module":"@angular/core","name":"Input","line":83,"character":3}}]}],"nzCover":[{"__symbolic":"property","decorators":[{"__symbolic":"call","expression":{"__symbolic":"reference","module":"@angular/core","name":"Input","line":84,"character":3}}]}],"nzActions":[{"__symbolic":"property","decorators":[{"__symbolic":"call","expression":{"__symbolic":"reference","module":"@angular/core","name":"Input","line":85,"character":3}}]}],"nzType":[{"__symbolic":"property","decorators":[{"__symbolic":"call","expression":{"__symbolic":"reference","module":"@angular/core","name":"Input","line":86,"character":3}}]}],"nzSize":[{"__symbolic":"property","decorators":[{"__symbolic":"call","expression":{"__symbolic":"reference","module":"@angular/core","name":"Input","line":87,"character":3}},{"__symbolic":"call","expression":{"__symbolic":"reference","module":"ng-zorro-antd/core/config","name":"WithConfig","line":87,"character":12},"arguments":["card"]}]}],"nzTitle":[{"__symbolic":"property","decorators":[{"__symbolic":"call","expression":{"__symbolic":"reference","module":"@angular/core","name":"Input","line":88,"character":3}}]}],"nzExtra":[{"__symbolic":"property","decorators":[{"__symbolic":"call","expression":{"__symbolic":"reference","module":"@angular/core","name":"Input","line":89,"character":3}}]}],"listOfNzCardTabComponent":[{"__symbolic":"property","decorators":[{"__symbolic":"call","expression":{"__symbolic":"reference","module":"@angular/core","name":"ContentChild","line":90,"character":3},"arguments":[{"__symbolic":"reference","name":"NzCardTabComponent"},{"static":false}]}]}],"listOfNzCardGridDirective":[{"__symbolic":"property","decorators":[{"__symbolic":"call","expression":{"__symbolic":"reference","module":"@angular/core","name":"ContentChildren","line":91,"character":3},"arguments":[{"__symbolic":"reference","name":"NzCardGridDirective"}]}]}],"__ctor__":[{"__symbolic":"constructor","parameters":[{"__symbolic":"reference","module":"ng-zorro-antd/core/config","name":"NzConfigService","line":94,"character":38},{"__symbolic":"reference","module":"@angular/core","name":"ChangeDetectorRef","line":94,"character":68}]}],"ngOnDestroy":[{"__symbolic":"method"}]}},"NzCardModule":{"__symbolic":"class","decorators":[{"__symbolic":"call","expression":{"__symbolic":"reference","module":"@angular/core","name":"NgModule","line":15,"character":1},"arguments":[{"imports":[{"__symbolic":"reference","module":"@angular/common","name":"CommonModule","line":16,"character":12},{"__symbolic":"reference","module":"ng-zorro-antd/core/outlet","name":"NzOutletModule","line":16,"character":26}],"declarations":[{"__symbolic":"reference","name":"NzCardComponent"},{"__symbolic":"reference","name":"NzCardGridDirective"},{"__symbolic":"reference","name":"NzCardMetaComponent"},{"__symbolic":"reference","name":"NzCardLoadingComponent"},{"__symbolic":"reference","name":"NzCardTabComponent"}],"exports":[{"__symbolic":"reference","name":"NzCardComponent"},{"__symbolic":"reference","name":"NzCardGridDirective"},{"__symbolic":"reference","name":"NzCardMetaComponent"},{"__symbolic":"reference","name":"NzCardLoadingComponent"},{"__symbolic":"reference","name":"NzCardTabComponent"}]}]}],"members":{}},"NzCardLoadingComponent":{"__symbolic":"class","decorators":[{"__symbolic":"call","expression":{"__symbolic":"reference","module":"@angular/core","name":"Component","line":7,"character":1},"arguments":[{"selector":"nz-card-loading","exportAs":"nzCardLoading","template":"\n    <div class=\"ant-card-loading-content\">\n      <div class=\"ant-row\" style=\"margin-left: -4px; margin-right: -4px;\" *ngFor=\"let listOfClassName of listOfLoading\">\n        <div *ngFor=\"let className of listOfClassName\" [ngClass]=\"className\" style=\"padding-left: 4px; padding-right: 4px;\">\n          <div class=\"ant-card-loading-block\"></div>\n        </div>\n      </div>\n    </div>\n  ","preserveWhitespaces":false,"changeDetection":{"__symbolic":"select","expression":{"__symbolic":"reference","module":"@angular/core","name":"ChangeDetectionStrategy","line":20,"character":19},"member":"OnPush"},"encapsulation":{"__symbolic":"select","expression":{"__symbolic":"reference","module":"@angular/core","name":"ViewEncapsulation","line":21,"character":17},"member":"None"},"host":{"[class.ant-card-loading-content]":"true","$quoted$":["[class.ant-card-loading-content]"]}}]}],"members":{"__ctor__":[{"__symbolic":"constructor"}]}},"NzCardMetaComponent":{"__symbolic":"class","decorators":[{"__symbolic":"call","expression":{"__symbolic":"reference","module":"@angular/core","name":"Component","line":7,"character":1},"arguments":[{"selector":"nz-card-meta","exportAs":"nzCardMeta","preserveWhitespaces":false,"changeDetection":{"__symbolic":"select","expression":{"__symbolic":"reference","module":"@angular/core","name":"ChangeDetectionStrategy","line":11,"character":19},"member":"OnPush"},"encapsulation":{"__symbolic":"select","expression":{"__symbolic":"reference","module":"@angular/core","name":"ViewEncapsulation","line":12,"character":17},"member":"None"},"template":"\n    <div class=\"ant-card-meta-avatar\" *ngIf=\"nzAvatar\">\n      <ng-template [ngTemplateOutlet]=\"nzAvatar\"></ng-template>\n    </div>\n    <div class=\"ant-card-meta-detail\" *ngIf=\"nzTitle || nzDescription\">\n      <div class=\"ant-card-meta-title\" *ngIf=\"nzTitle\">\n        <ng-container *nzStringTemplateOutlet=\"nzTitle\">{{ nzTitle }}</ng-container>\n      </div>\n      <div class=\"ant-card-meta-description\" *ngIf=\"nzDescription\">\n        <ng-container *nzStringTemplateOutlet=\"nzDescription\">{{ nzDescription }}</ng-container>\n      </div>\n    </div>\n  ","host":{"[class.ant-card-meta]":"true","$quoted$":["[class.ant-card-meta]"]}}]}],"members":{"nzTitle":[{"__symbolic":"property","decorators":[{"__symbolic":"call","expression":{"__symbolic":"reference","module":"@angular/core","name":"Input","line":31,"character":3}}]}],"nzDescription":[{"__symbolic":"property","decorators":[{"__symbolic":"call","expression":{"__symbolic":"reference","module":"@angular/core","name":"Input","line":32,"character":3}}]}],"nzAvatar":[{"__symbolic":"property","decorators":[{"__symbolic":"call","expression":{"__symbolic":"reference","module":"@angular/core","name":"Input","line":33,"character":3}}]}]}},"NzCardTabComponent":{"__symbolic":"class","decorators":[{"__symbolic":"call","expression":{"__symbolic":"reference","module":"@angular/core","name":"Component","line":7,"character":1},"arguments":[{"selector":"nz-card-tab","exportAs":"nzCardTab","encapsulation":{"__symbolic":"select","expression":{"__symbolic":"reference","module":"@angular/core","name":"ViewEncapsulation","line":10,"character":17},"member":"None"},"changeDetection":{"__symbolic":"select","expression":{"__symbolic":"reference","module":"@angular/core","name":"ChangeDetectionStrategy","line":11,"character":19},"member":"OnPush"},"template":"\n    <ng-template>\n      <ng-content></ng-content>\n    </ng-template>\n  "}]}],"members":{"template":[{"__symbolic":"property","decorators":[{"__symbolic":"call","expression":{"__symbolic":"reference","module":"@angular/core","name":"ViewChild","line":19,"character":3},"arguments":[{"__symbolic":"reference","module":"@angular/core","name":"TemplateRef","line":19,"character":13},{"static":true}]}]}]}}},"origins":{"NzCardGridDirective":"./card-grid.directive","NzCardComponent":"./card.component","NzCardModule":"./card.module","NzCardLoadingComponent":"./card-loading.component","NzCardMetaComponent":"./card-meta.component","NzCardTabComponent":"./card-tab.component"},"importAs":"ng-zorro-antd/card"}