{"__symbolic":"module","version":4,"metadata":{"ɵNzTransitionPatchModule":{"__symbolic":"class","decorators":[{"__symbolic":"call","expression":{"__symbolic":"reference","module":"@angular/core","name":"NgModule","line":9,"character":1},"arguments":[{"imports":[{"__symbolic":"reference","module":"@angular/cdk/platform","name":"PlatformModule","line":10,"character":12}],"exports":[{"__symbolic":"reference","name":"ɵNzTransitionPatchDirective"}],"declarations":[{"__symbolic":"reference","name":"ɵNzTransitionPatchDirective"}]}]}],"members":{}},"ɵNzTransitionPatchDirective":{"__symbolic":"class","decorators":[{"__symbolic":"call","expression":{"__symbolic":"reference","module":"@angular/core","name":"Directive","line":13,"character":1},"arguments":[{"selector":"[nz-button],nz-button-group,[nz-icon],[nz-menu-item],[nz-submenu],nz-select-top-control,nz-select-placeholder"}]}],"members":{"hidden":[{"__symbolic":"property","decorators":[{"__symbolic":"call","expression":{"__symbolic":"reference","module":"@angular/core","name":"Input","line":17,"character":3}}]}],"setHiddenAttribute":[{"__symbolic":"method"}],"__ctor__":[{"__symbolic":"constructor","parameters":[{"__symbolic":"reference","module":"@angular/core","name":"ElementRef","line":28,"character":34},{"__symbolic":"reference","module":"@angular/core","name":"Renderer2","line":28,"character":64}]}],"ngOnChanges":[{"__symbolic":"method"}],"ngAfterViewInit":[{"__symbolic":"method"}]}}},"origins":{"ɵNzTransitionPatchModule":"./transition-patch.module","ɵNzTransitionPatchDirective":"./transition-patch.directive"},"importAs":"ng-zorro-antd/core/transition-patch"}