{"__symbolic":"module","version":4,"metadata":{"NzHighlightPipe":{"__symbolic":"class","decorators":[{"__symbolic":"call","expression":{"__symbolic":"reference","module":"@angular/core","name":"Pipe","line":30,"character":1},"arguments":[{"name":"nzHighlight","pure":true}]}],"members":{"transform":[{"__symbolic":"method"}]}},"NzHighlightModule":{"__symbolic":"class","decorators":[{"__symbolic":"call","expression":{"__symbolic":"reference","module":"@angular/core","name":"NgModule","line":9,"character":1},"arguments":[{"imports":[{"__symbolic":"reference","module":"@angular/common","name":"CommonModule","line":10,"character":12}],"exports":[{"__symbolic":"reference","name":"NzHighlightPipe"}],"declarations":[{"__symbolic":"reference","name":"NzHighlightPipe"}]}]}],"members":{}}},"origins":{"NzHighlightPipe":"./highlight.pipe","NzHighlightModule":"./highlight.module"},"importAs":"ng-zorro-antd/core/highlight"}