{"__symbolic":"module","version":4,"metadata":{"NzResizeObserversModule":{"__symbolic":"class","decorators":[{"__symbolic":"call","expression":{"__symbolic":"reference","module":"@angular/core","name":"NgModule","line":8,"character":1},"arguments":[{"providers":[{"__symbolic":"reference","name":"ɵa"}]}]}],"members":{}},"ɵa":{"__symbolic":"class","decorators":[{"__symbolic":"call","expression":{"__symbolic":"reference","module":"@angular/core","name":"Injectable","line":13,"character":1},"arguments":[{"providedIn":"root"}]}],"members":{"create":[{"__symbolic":"method"}]},"statics":{"ɵprov":{}}},"NzResizeObserver":{"__symbolic":"class","decorators":[{"__symbolic":"call","expression":{"__symbolic":"reference","module":"@angular/core","name":"Injectable","line":21,"character":1},"arguments":[{"providedIn":"root"}]}],"members":{"__ctor__":[{"__symbolic":"constructor","parameters":[{"__symbolic":"reference","name":"ɵa"}]}],"ngOnDestroy":[{"__symbolic":"method"}],"observe":[{"__symbolic":"method"}],"observeElement":[{"__symbolic":"method"}],"unobserveElement":[{"__symbolic":"method"}],"cleanupObserver":[{"__symbolic":"method"}]},"statics":{"ɵprov":{}}}},"origins":{"NzResizeObserversModule":"./resize-observers.module","ɵa":"./resize-observers.service","NzResizeObserver":"./resize-observers.service"},"importAs":"ng-zorro-antd/core/resize-observers"}