{"__symbolic":"module","version":4,"metadata":{"NzRadioButtonDirective":{"__symbolic":"class","decorators":[{"__symbolic":"call","expression":{"__symbolic":"reference","module":"@angular/core","name":"Directive","line":7,"character":1},"arguments":[{"selector":"[nz-radio-button]"}]}],"members":{}},"NzRadioButtonStyle":{"__symbolic":"interface"},"NzRadioGroupComponent":{"__symbolic":"class","decorators":[{"__symbolic":"call","expression":{"__symbolic":"reference","module":"@angular/core","name":"Component","line":25,"character":1},"arguments":[{"selector":"nz-radio-group","exportAs":"nzRadioGroup","preserveWhitespaces":false,"template":" <ng-content></ng-content> ","encapsulation":{"__symbolic":"select","expression":{"__symbolic":"reference","module":"@angular/core","name":"ViewEncapsulation","line":30,"character":17},"member":"None"},"changeDetection":{"__symbolic":"select","expression":{"__symbolic":"reference","module":"@angular/core","name":"ChangeDetectionStrategy","line":31,"character":19},"member":"OnPush"},"providers":[{"__symbolic":"reference","name":"NzRadioService"},{"provide":{"__symbolic":"reference","module":"@angular/forms","name":"NG_VALUE_ACCESSOR","line":35,"character":15},"useExisting":{"__symbolic":"reference","name":"NzRadioGroupComponent"},"multi":true}],"host":{"[class.ant-radio-group]":"true","[class.ant-radio-group-large]":"nzSize === 'large'","[class.ant-radio-group-small]":"nzSize === 'small'","[class.ant-radio-group-solid]":"nzButtonStyle === 'solid'","$quoted$":["[class.ant-radio-group]","[class.ant-radio-group-large]","[class.ant-radio-group-small]","[class.ant-radio-group-solid]"]}}]}],"members":{"nzDisabled":[{"__symbolic":"property","decorators":[{"__symbolic":"call","expression":{"__symbolic":"reference","module":"@angular/core","name":"Input","line":54,"character":3}},{"__symbolic":"call","expression":{"__symbolic":"reference","module":"ng-zorro-antd/core/util","name":"InputBoolean","line":54,"character":12}}]}],"nzButtonStyle":[{"__symbolic":"property","decorators":[{"__symbolic":"call","expression":{"__symbolic":"reference","module":"@angular/core","name":"Input","line":55,"character":3}}]}],"nzSize":[{"__symbolic":"property","decorators":[{"__symbolic":"call","expression":{"__symbolic":"reference","module":"@angular/core","name":"Input","line":56,"character":3}}]}],"nzName":[{"__symbolic":"property","decorators":[{"__symbolic":"call","expression":{"__symbolic":"reference","module":"@angular/core","name":"Input","line":57,"character":3}}]}],"__ctor__":[{"__symbolic":"constructor","parameters":[{"__symbolic":"reference","module":"@angular/core","name":"ChangeDetectorRef","line":59,"character":27},{"__symbolic":"reference","name":"NzRadioService"}]}],"ngOnInit":[{"__symbolic":"method"}],"ngOnChanges":[{"__symbolic":"method"}],"ngOnDestroy":[{"__symbolic":"method"}],"writeValue":[{"__symbolic":"method"}],"registerOnChange":[{"__symbolic":"method"}],"registerOnTouched":[{"__symbolic":"method"}],"setDisabledState":[{"__symbolic":"method"}]}},"NzRadioComponent":{"__symbolic":"class","decorators":[{"__symbolic":"call","expression":{"__symbolic":"reference","module":"@angular/core","name":"Component","line":29,"character":1},"arguments":[{"selector":"[nz-radio],[nz-radio-button]","exportAs":"nzRadio","preserveWhitespaces":false,"template":"\n    <span\n      [class.ant-radio]=\"!isRadioButton\"\n      [class.ant-radio-checked]=\"isChecked && !isRadioButton\"\n      [class.ant-radio-disabled]=\"nzDisabled && !isRadioButton\"\n      [class.ant-radio-button]=\"isRadioButton\"\n      [class.ant-radio-button-checked]=\"isChecked && isRadioButton\"\n      [class.ant-radio-button-disabled]=\"nzDisabled && isRadioButton\"\n    >\n      <input\n        #inputElement\n        type=\"radio\"\n        [attr.autofocus]=\"nzAutoFocus ? 'autofocus' : null\"\n        [class.ant-radio-input]=\"!isRadioButton\"\n        [class.ant-radio-button-input]=\"isRadioButton\"\n        [disabled]=\"nzDisabled\"\n        [checked]=\"isChecked\"\n        [attr.name]=\"name\"\n      />\n      <span [class.ant-radio-inner]=\"!isRadioButton\" [class.ant-radio-button-inner]=\"isRadioButton\"></span>\n    </span>\n    <span><ng-content></ng-content></span>\n  ","encapsulation":{"__symbolic":"select","expression":{"__symbolic":"reference","module":"@angular/core","name":"ViewEncapsulation","line":56,"character":17},"member":"None"},"changeDetection":{"__symbolic":"select","expression":{"__symbolic":"reference","module":"@angular/core","name":"ChangeDetectionStrategy","line":57,"character":19},"member":"OnPush"},"providers":[{"provide":{"__symbolic":"reference","module":"@angular/forms","name":"NG_VALUE_ACCESSOR","line":60,"character":15},"useExisting":{"__symbolic":"reference","name":"NzRadioComponent"},"multi":true}],"host":{"[class.ant-radio-wrapper]":"!isRadioButton","[class.ant-radio-button-wrapper]":"isRadioButton","[class.ant-radio-wrapper-checked]":"isChecked && !isRadioButton","[class.ant-radio-button-wrapper-checked]":"isChecked && isRadioButton","[class.ant-radio-wrapper-disabled]":"nzDisabled && !isRadioButton","[class.ant-radio-button-wrapper-disabled]":"nzDisabled && isRadioButton","(click)":"onHostClick($event)","$quoted$":["[class.ant-radio-wrapper]","[class.ant-radio-button-wrapper]","[class.ant-radio-wrapper-checked]","[class.ant-radio-button-wrapper-checked]","[class.ant-radio-wrapper-disabled]","[class.ant-radio-button-wrapper-disabled]","(click)"]}}]}],"members":{"inputElement":[{"__symbolic":"property","decorators":[{"__symbolic":"call","expression":{"__symbolic":"reference","module":"@angular/core","name":"ViewChild","line":86,"character":3},"arguments":["inputElement",{"static":false}]}]}],"nzValue":[{"__symbolic":"property","decorators":[{"__symbolic":"call","expression":{"__symbolic":"reference","module":"@angular/core","name":"Input","line":87,"character":3}}]}],"nzDisabled":[{"__symbolic":"property","decorators":[{"__symbolic":"call","expression":{"__symbolic":"reference","module":"@angular/core","name":"Input","line":88,"character":3}},{"__symbolic":"call","expression":{"__symbolic":"reference","module":"ng-zorro-antd/core/util","name":"InputBoolean","line":88,"character":12}}]}],"nzAutoFocus":[{"__symbolic":"property","decorators":[{"__symbolic":"call","expression":{"__symbolic":"reference","module":"@angular/core","name":"Input","line":89,"character":3}},{"__symbolic":"call","expression":{"__symbolic":"reference","module":"ng-zorro-antd/core/util","name":"InputBoolean","line":89,"character":12}}]}],"onHostClick":[{"__symbolic":"method"}],"focus":[{"__symbolic":"method"}],"blur":[{"__symbolic":"method"}],"__ctor__":[{"__symbolic":"constructor","parameterDecorators":[null,null,null,[{"__symbolic":"call","expression":{"__symbolic":"reference","module":"@angular/core","name":"Optional","line":119,"character":5}}],[{"__symbolic":"call","expression":{"__symbolic":"reference","module":"@angular/core","name":"Optional","line":120,"character":5}}]],"parameters":[{"__symbolic":"reference","module":"@angular/core","name":"ElementRef","line":116,"character":24},{"__symbolic":"reference","module":"@angular/core","name":"ChangeDetectorRef","line":117,"character":17},{"__symbolic":"reference","module":"@angular/cdk/a11y","name":"FocusMonitor","line":118,"character":26},{"__symbolic":"reference","name":"NzRadioService"},{"__symbolic":"reference","name":"NzRadioButtonDirective"}]}],"setDisabledState":[{"__symbolic":"method"}],"writeValue":[{"__symbolic":"method"}],"registerOnChange":[{"__symbolic":"method"}],"registerOnTouched":[{"__symbolic":"method"}],"ngOnInit":[{"__symbolic":"method"}],"ngAfterViewInit":[{"__symbolic":"method"}],"ngOnDestroy":[{"__symbolic":"method"}]}},"NzRadioService":{"__symbolic":"class","decorators":[{"__symbolic":"call","expression":{"__symbolic":"reference","module":"@angular/core","name":"Injectable","line":8,"character":1}}],"members":{"touch":[{"__symbolic":"method"}],"select":[{"__symbolic":"method"}],"setDisabled":[{"__symbolic":"method"}],"setName":[{"__symbolic":"method"}]}},"NzRadioModule":{"__symbolic":"class","decorators":[{"__symbolic":"call","expression":{"__symbolic":"reference","module":"@angular/core","name":"NgModule","line":13,"character":1},"arguments":[{"imports":[{"__symbolic":"reference","module":"@angular/common","name":"CommonModule","line":14,"character":12},{"__symbolic":"reference","module":"@angular/forms","name":"FormsModule","line":14,"character":26}],"exports":[{"__symbolic":"reference","name":"NzRadioComponent"},{"__symbolic":"reference","name":"NzRadioButtonDirective"},{"__symbolic":"reference","name":"NzRadioGroupComponent"}],"declarations":[{"__symbolic":"reference","name":"NzRadioComponent"},{"__symbolic":"reference","name":"NzRadioButtonDirective"},{"__symbolic":"reference","name":"NzRadioGroupComponent"}]}]}],"members":{}}},"origins":{"NzRadioButtonDirective":"./radio-button.directive","NzRadioButtonStyle":"./radio-group.component","NzRadioGroupComponent":"./radio-group.component","NzRadioComponent":"./radio.component","NzRadioService":"./radio.service","NzRadioModule":"./radio.module"},"importAs":"ng-zorro-antd/radio"}