{"__symbolic":"module","version":4,"metadata":{"FunctionProp":{"__symbolic":"interface"},"NzDirectionVHType":{"__symbolic":"interface"},"NzFourDirectionType":{"__symbolic":"interface"},"NzDropDownPosition":{"__symbolic":"interface"},"IndexableObject":{"__symbolic":"interface"},"NgClassType":{"__symbolic":"interface"},"NgClassInterface":{"__symbolic":"interface"},"NgStyleInterface":{"__symbolic":"interface"},"NzSizeLDSType":{"__symbolic":"interface"},"NzSizeMDSType":{"__symbolic":"interface"},"NzSizeDSType":{"__symbolic":"interface"},"NzTSType":{"__symbolic":"interface"},"NzShapeSCType":{"__symbolic":"interface"},"CompareWith":{"__symbolic":"interface"},"NzSafeAny":{"__symbolic":"interface"},"OnTouchedType":{"__symbolic":"interface"},"OnChangeType":{"__symbolic":"interface"},"BooleanInput":{"__symbolic":"interface"},"NumberInput":{"__symbolic":"interface"},"InputObservable":{"__symbolic":"interface"}},"origins":{"FunctionProp":"./common-wrap","NzDirectionVHType":"./direction","NzFourDirectionType":"./direction","NzDropDownPosition":"./drop-down-position","IndexableObject":"./indexable","NgClassType":"./ng-class","NgClassInterface":"./ng-class","NgStyleInterface":"./ng-class","NzSizeLDSType":"./size","NzSizeMDSType":"./size","NzSizeDSType":"./size","NzTSType":"./template","NzShapeSCType":"./shape","CompareWith":"./compare-with","NzSafeAny":"./any","OnTouchedType":"./control-value-accessor","OnChangeType":"./control-value-accessor","BooleanInput":"./convert-input","NumberInput":"./convert-input","InputObservable":"./input-observable"},"importAs":"ng-zorro-antd/core/types"}