{"__symbolic":"module","version":4,"exports":[{"from":"ng-zorro-antd/affix"},{"from":"ng-zorro-antd/alert"},{"from":"ng-zorro-antd/anchor"},{"from":"ng-zorro-antd/auto-complete"},{"from":"ng-zorro-antd/avatar"},{"from":"ng-zorro-antd/back-top"},{"from":"ng-zorro-antd/badge"},{"from":"ng-zorro-antd/breadcrumb"},{"from":"ng-zorro-antd/button"},{"from":"ng-zorro-antd/calendar"},{"from":"ng-zorro-antd/card"},{"from":"ng-zorro-antd/carousel"},{"from":"ng-zorro-antd/cascader"},{"from":"ng-zorro-antd/checkbox"},{"from":"ng-zorro-antd/collapse"},{"from":"ng-zorro-antd/comment"},{"from":"ng-zorro-antd/date-picker"},{"from":"ng-zorro-antd/descriptions"},{"from":"ng-zorro-antd/divider"},{"from":"ng-zorro-antd/drawer"},{"from":"ng-zorro-antd/dropdown"},{"from":"ng-zorro-antd/empty"},{"from":"ng-zorro-antd/form"},{"from":"ng-zorro-antd/grid"},{"from":"ng-zorro-antd/i18n"},{"from":"ng-zorro-antd/icon"},{"from":"ng-zorro-antd/input"},{"from":"ng-zorro-antd/input-number"},{"from":"ng-zorro-antd/layout"},{"from":"ng-zorro-antd/list"},{"from":"ng-zorro-antd/mention"},{"from":"ng-zorro-antd/menu"},{"from":"ng-zorro-antd/message"},{"from":"ng-zorro-antd/modal"},{"from":"ng-zorro-antd/notification"},{"from":"ng-zorro-antd/page-header"},{"from":"ng-zorro-antd/pagination"},{"from":"ng-zorro-antd/popconfirm"},{"from":"ng-zorro-antd/popover"},{"from":"ng-zorro-antd/progress"},{"from":"ng-zorro-antd/radio"},{"from":"ng-zorro-antd/rate"},{"from":"ng-zorro-antd/result"},{"from":"ng-zorro-antd/select"},{"from":"ng-zorro-antd/skeleton"},{"from":"ng-zorro-antd/slider"},{"from":"ng-zorro-antd/spin"},{"from":"ng-zorro-antd/statistic"},{"from":"ng-zorro-antd/steps"},{"from":"ng-zorro-antd/switch"},{"from":"ng-zorro-antd/table"},{"from":"ng-zorro-antd/tabs"},{"from":"ng-zorro-antd/tag"},{"from":"ng-zorro-antd/time-picker"},{"from":"ng-zorro-antd/timeline"},{"from":"ng-zorro-antd/tooltip"},{"from":"ng-zorro-antd/transfer"},{"from":"ng-zorro-antd/tree"},{"from":"ng-zorro-antd/tree-select"},{"from":"ng-zorro-antd/typography"},{"from":"ng-zorro-antd/upload"},{"from":"ng-zorro-antd/version"},{"from":"ng-zorro-antd/core/animation"},{"from":"ng-zorro-antd/core/config"},{"from":"ng-zorro-antd/core/environments"},{"from":"ng-zorro-antd/core/highlight"},{"from":"ng-zorro-antd/core/logger"},{"from":"ng-zorro-antd/core/no-animation"},{"from":"ng-zorro-antd/core/outlet"},{"from":"ng-zorro-antd/core/overlay"},{"from":"ng-zorro-antd/core/pipe"},{"from":"ng-zorro-antd/core/polyfill"},{"from":"ng-zorro-antd/core/resize-observers"},{"from":"ng-zorro-antd/core/services"},{"from":"ng-zorro-antd/core/testing"},{"from":"ng-zorro-antd/core/time"},{"from":"ng-zorro-antd/core/trans-button"},{"from":"ng-zorro-antd/core/transition-patch"},{"from":"ng-zorro-antd/core/tree"},{"from":"ng-zorro-antd/core/types"},{"from":"ng-zorro-antd/core/util"},{"from":"ng-zorro-antd/core/wave"}],"metadata":{"NgZorroAntdModule":{"__symbolic":"class","decorators":[{"__symbolic":"call","expression":{"__symbolic":"reference","module":"@angular/core","name":"NgModule","line":156,"character":1},"arguments":[{"exports":[{"__symbolic":"reference","module":"ng-zorro-antd/affix","name":"NzAffixModule","line":158,"character":4},{"__symbolic":"reference","module":"ng-zorro-antd/alert","name":"NzAlertModule","line":159,"character":4},{"__symbolic":"reference","module":"ng-zorro-antd/anchor","name":"NzAnchorModule","line":160,"character":4},{"__symbolic":"reference","module":"ng-zorro-antd/auto-complete","name":"NzAutocompleteModule","line":161,"character":4},{"__symbolic":"reference","module":"ng-zorro-antd/avatar","name":"NzAvatarModule","line":162,"character":4},{"__symbolic":"reference","module":"ng-zorro-antd/back-top","name":"NzBackTopModule","line":163,"character":4},{"__symbolic":"reference","module":"ng-zorro-antd/badge","name":"NzBadgeModule","line":164,"character":4},{"__symbolic":"reference","module":"ng-zorro-antd/button","name":"NzButtonModule","line":165,"character":4},{"__symbolic":"reference","module":"ng-zorro-antd/breadcrumb","name":"NzBreadCrumbModule","line":166,"character":4},{"__symbolic":"reference","module":"ng-zorro-antd/calendar","name":"NzCalendarModule","line":167,"character":4},{"__symbolic":"reference","module":"ng-zorro-antd/card","name":"NzCardModule","line":168,"character":4},{"__symbolic":"reference","module":"ng-zorro-antd/carousel","name":"NzCarouselModule","line":169,"character":4},{"__symbolic":"reference","module":"ng-zorro-antd/cascader","name":"NzCascaderModule","line":170,"character":4},{"__symbolic":"reference","module":"ng-zorro-antd/checkbox","name":"NzCheckboxModule","line":171,"character":4},{"__symbolic":"reference","module":"ng-zorro-antd/collapse","name":"NzCollapseModule","line":172,"character":4},{"__symbolic":"reference","module":"ng-zorro-antd/comment","name":"NzCommentModule","line":173,"character":4},{"__symbolic":"reference","module":"ng-zorro-antd/date-picker","name":"NzDatePickerModule","line":174,"character":4},{"__symbolic":"reference","module":"ng-zorro-antd/descriptions","name":"NzDescriptionsModule","line":175,"character":4},{"__symbolic":"reference","module":"ng-zorro-antd/divider","name":"NzDividerModule","line":176,"character":4},{"__symbolic":"reference","module":"ng-zorro-antd/drawer","name":"NzDrawerModule","line":177,"character":4},{"__symbolic":"reference","module":"ng-zorro-antd/dropdown","name":"NzDropDownModule","line":178,"character":4},{"__symbolic":"reference","module":"ng-zorro-antd/empty","name":"NzEmptyModule","line":179,"character":4},{"__symbolic":"reference","module":"ng-zorro-antd/form","name":"NzFormModule","line":180,"character":4},{"__symbolic":"reference","module":"ng-zorro-antd/grid","name":"NzGridModule","line":181,"character":4},{"__symbolic":"reference","module":"ng-zorro-antd/i18n","name":"NzI18nModule","line":182,"character":4},{"__symbolic":"reference","module":"ng-zorro-antd/icon","name":"NzIconModule","line":183,"character":4},{"__symbolic":"reference","module":"ng-zorro-antd/input","name":"NzInputModule","line":184,"character":4},{"__symbolic":"reference","module":"ng-zorro-antd/input-number","name":"NzInputNumberModule","line":185,"character":4},{"__symbolic":"reference","module":"ng-zorro-antd/layout","name":"NzLayoutModule","line":186,"character":4},{"__symbolic":"reference","module":"ng-zorro-antd/list","name":"NzListModule","line":187,"character":4},{"__symbolic":"reference","module":"ng-zorro-antd/mention","name":"NzMentionModule","line":188,"character":4},{"__symbolic":"reference","module":"ng-zorro-antd/menu","name":"NzMenuModule","line":189,"character":4},{"__symbolic":"reference","module":"ng-zorro-antd/message","name":"NzMessageModule","line":190,"character":4},{"__symbolic":"reference","module":"ng-zorro-antd/modal","name":"NzModalModule","line":191,"character":4},{"__symbolic":"reference","module":"ng-zorro-antd/core/no-animation","name":"NzNoAnimationModule","line":192,"character":4},{"__symbolic":"reference","module":"ng-zorro-antd/notification","name":"NzNotificationModule","line":193,"character":4},{"__symbolic":"reference","module":"ng-zorro-antd/page-header","name":"NzPageHeaderModule","line":194,"character":4},{"__symbolic":"reference","module":"ng-zorro-antd/pagination","name":"NzPaginationModule","line":195,"character":4},{"__symbolic":"reference","module":"ng-zorro-antd/popconfirm","name":"NzPopconfirmModule","line":196,"character":4},{"__symbolic":"reference","module":"ng-zorro-antd/popover","name":"NzPopoverModule","line":197,"character":4},{"__symbolic":"reference","module":"ng-zorro-antd/progress","name":"NzProgressModule","line":198,"character":4},{"__symbolic":"reference","module":"ng-zorro-antd/radio","name":"NzRadioModule","line":199,"character":4},{"__symbolic":"reference","module":"ng-zorro-antd/rate","name":"NzRateModule","line":200,"character":4},{"__symbolic":"reference","module":"ng-zorro-antd/result","name":"NzResultModule","line":201,"character":4},{"__symbolic":"reference","module":"ng-zorro-antd/select","name":"NzSelectModule","line":202,"character":4},{"__symbolic":"reference","module":"ng-zorro-antd/skeleton","name":"NzSkeletonModule","line":203,"character":4},{"__symbolic":"reference","module":"ng-zorro-antd/slider","name":"NzSliderModule","line":204,"character":4},{"__symbolic":"reference","module":"ng-zorro-antd/spin","name":"NzSpinModule","line":205,"character":4},{"__symbolic":"reference","module":"ng-zorro-antd/statistic","name":"NzStatisticModule","line":206,"character":4},{"__symbolic":"reference","module":"ng-zorro-antd/steps","name":"NzStepsModule","line":207,"character":4},{"__symbolic":"reference","module":"ng-zorro-antd/switch","name":"NzSwitchModule","line":208,"character":4},{"__symbolic":"reference","module":"ng-zorro-antd/table","name":"NzTableModule","line":209,"character":4},{"__symbolic":"reference","module":"ng-zorro-antd/tabs","name":"NzTabsModule","line":210,"character":4},{"__symbolic":"reference","module":"ng-zorro-antd/tag","name":"NzTagModule","line":211,"character":4},{"__symbolic":"reference","module":"ng-zorro-antd/time-picker","name":"NzTimePickerModule","line":212,"character":4},{"__symbolic":"reference","module":"ng-zorro-antd/timeline","name":"NzTimelineModule","line":213,"character":4},{"__symbolic":"reference","module":"ng-zorro-antd/tooltip","name":"NzToolTipModule","line":214,"character":4},{"__symbolic":"reference","module":"ng-zorro-antd/core/trans-button","name":"NzTransButtonModule","line":215,"character":4},{"__symbolic":"reference","module":"ng-zorro-antd/transfer","name":"NzTransferModule","line":216,"character":4},{"__symbolic":"reference","module":"ng-zorro-antd/tree","name":"NzTreeModule","line":217,"character":4},{"__symbolic":"reference","module":"ng-zorro-antd/tree-select","name":"NzTreeSelectModule","line":218,"character":4},{"__symbolic":"reference","module":"ng-zorro-antd/typography","name":"NzTypographyModule","line":219,"character":4},{"__symbolic":"reference","module":"ng-zorro-antd/upload","name":"NzUploadModule","line":220,"character":4},{"__symbolic":"reference","module":"ng-zorro-antd/core/wave","name":"NzWaveModule","line":221,"character":4}]}]}],"members":{"__ctor__":[{"__symbolic":"constructor"}]}}},"origins":{"NgZorroAntdModule":"./ng-zorro-antd.module"},"importAs":"ng-zorro-antd"}