{"__symbolic":"module","version":4,"metadata":{"NzPaginationComponent":{"__symbolic":"class","decorators":[{"__symbolic":"call","expression":{"__symbolic":"reference","module":"@angular/core","name":"Component","line":28,"character":1},"arguments":[{"selector":"nz-pagination","exportAs":"nzPagination","preserveWhitespaces":false,"encapsulation":{"__symbolic":"select","expression":{"__symbolic":"reference","module":"@angular/core","name":"ViewEncapsulation","line":32,"character":17},"member":"None"},"changeDetection":{"__symbolic":"select","expression":{"__symbolic":"reference","module":"@angular/core","name":"ChangeDetectionStrategy","line":33,"character":19},"member":"OnPush"},"template":"\n    <ng-container *ngIf=\"showPagination\">\n      <ng-container *ngIf=\"nzSimple; else defaultPagination.template\">\n        <ng-template [ngTemplateOutlet]=\"simplePagination.template\"></ng-template>\n      </ng-container>\n    </ng-container>\n    <nz-pagination-simple\n      #simplePagination\n      [disabled]=\"nzDisabled\"\n      [itemRender]=\"nzItemRender\"\n      [locale]=\"locale\"\n      [pageSize]=\"nzPageSize\"\n      [total]=\"nzTotal\"\n      [pageIndex]=\"nzPageIndex\"\n      (pageIndexChange)=\"onPageIndexChange($event)\"\n    ></nz-pagination-simple>\n    <nz-pagination-default\n      #defaultPagination\n      [nzSize]=\"size\"\n      [itemRender]=\"nzItemRender\"\n      [showTotal]=\"nzShowTotal\"\n      [disabled]=\"nzDisabled\"\n      [locale]=\"locale\"\n      [showSizeChanger]=\"nzShowSizeChanger\"\n      [showQuickJumper]=\"nzShowQuickJumper\"\n      [total]=\"nzTotal\"\n      [pageIndex]=\"nzPageIndex\"\n      [pageSize]=\"nzPageSize\"\n      [pageSizeOptions]=\"nzPageSizeOptions\"\n      (pageIndexChange)=\"onPageIndexChange($event)\"\n      (pageSizeChange)=\"onPageSizeChange($event)\"\n    ></nz-pagination-default>\n  ","host":{"[class.ant-pagination]":"true","[class.ant-pagination-simple]":"nzSimple","[class.ant-pagination-disabled]":"nzDisabled","[class.mini]":"!nzSimple && size === 'small'","$quoted$":["[class.ant-pagination]","[class.ant-pagination-simple]","[class.ant-pagination-disabled]","[class.mini]"]}}]}],"members":{"nzPageSizeChange":[{"__symbolic":"property","decorators":[{"__symbolic":"call","expression":{"__symbolic":"reference","module":"@angular/core","name":"Output","line":85,"character":3}}]}],"nzPageIndexChange":[{"__symbolic":"property","decorators":[{"__symbolic":"call","expression":{"__symbolic":"reference","module":"@angular/core","name":"Output","line":86,"character":3}}]}],"nzShowTotal":[{"__symbolic":"property","decorators":[{"__symbolic":"call","expression":{"__symbolic":"reference","module":"@angular/core","name":"Input","line":87,"character":3}}]}],"nzSize":[{"__symbolic":"property","decorators":[{"__symbolic":"call","expression":{"__symbolic":"reference","module":"@angular/core","name":"Input","line":88,"character":3}}]}],"nzPageSizeOptions":[{"__symbolic":"property","decorators":[{"__symbolic":"call","expression":{"__symbolic":"reference","module":"@angular/core","name":"Input","line":89,"character":3}}]}],"nzItemRender":[{"__symbolic":"property","decorators":[{"__symbolic":"call","expression":{"__symbolic":"reference","module":"@angular/core","name":"Input","line":90,"character":3}}]}],"nzDisabled":[{"__symbolic":"property","decorators":[{"__symbolic":"call","expression":{"__symbolic":"reference","module":"@angular/core","name":"Input","line":91,"character":3}},{"__symbolic":"call","expression":{"__symbolic":"reference","module":"ng-zorro-antd/core/util","name":"InputBoolean","line":91,"character":12}}]}],"nzShowSizeChanger":[{"__symbolic":"property","decorators":[{"__symbolic":"call","expression":{"__symbolic":"reference","module":"@angular/core","name":"Input","line":92,"character":3}},{"__symbolic":"call","expression":{"__symbolic":"reference","module":"ng-zorro-antd/core/util","name":"InputBoolean","line":92,"character":12}}]}],"nzHideOnSinglePage":[{"__symbolic":"property","decorators":[{"__symbolic":"call","expression":{"__symbolic":"reference","module":"@angular/core","name":"Input","line":93,"character":3}},{"__symbolic":"call","expression":{"__symbolic":"reference","module":"ng-zorro-antd/core/util","name":"InputBoolean","line":93,"character":12}}]}],"nzShowQuickJumper":[{"__symbolic":"property","decorators":[{"__symbolic":"call","expression":{"__symbolic":"reference","module":"@angular/core","name":"Input","line":94,"character":3}},{"__symbolic":"call","expression":{"__symbolic":"reference","module":"ng-zorro-antd/core/util","name":"InputBoolean","line":94,"character":12}}]}],"nzSimple":[{"__symbolic":"property","decorators":[{"__symbolic":"call","expression":{"__symbolic":"reference","module":"@angular/core","name":"Input","line":95,"character":3}},{"__symbolic":"call","expression":{"__symbolic":"reference","module":"ng-zorro-antd/core/util","name":"InputBoolean","line":95,"character":12}}]}],"nzResponsive":[{"__symbolic":"property","decorators":[{"__symbolic":"call","expression":{"__symbolic":"reference","module":"@angular/core","name":"Input","line":96,"character":3}},{"__symbolic":"call","expression":{"__symbolic":"reference","module":"ng-zorro-antd/core/util","name":"InputBoolean","line":96,"character":12}}]}],"nzTotal":[{"__symbolic":"property","decorators":[{"__symbolic":"call","expression":{"__symbolic":"reference","module":"@angular/core","name":"Input","line":97,"character":3}},{"__symbolic":"call","expression":{"__symbolic":"reference","module":"ng-zorro-antd/core/util","name":"InputNumber","line":97,"character":12}}]}],"nzPageIndex":[{"__symbolic":"property","decorators":[{"__symbolic":"call","expression":{"__symbolic":"reference","module":"@angular/core","name":"Input","line":98,"character":3}},{"__symbolic":"call","expression":{"__symbolic":"reference","module":"ng-zorro-antd/core/util","name":"InputNumber","line":98,"character":12}}]}],"nzPageSize":[{"__symbolic":"property","decorators":[{"__symbolic":"call","expression":{"__symbolic":"reference","module":"@angular/core","name":"Input","line":99,"character":3}},{"__symbolic":"call","expression":{"__symbolic":"reference","module":"ng-zorro-antd/core/util","name":"InputNumber","line":99,"character":12}}]}],"validatePageIndex":[{"__symbolic":"method"}],"onPageIndexChange":[{"__symbolic":"method"}],"onPageSizeChange":[{"__symbolic":"method"}],"onTotalChange":[{"__symbolic":"method"}],"getLastIndex":[{"__symbolic":"method"}],"__ctor__":[{"__symbolic":"constructor","parameters":[{"__symbolic":"reference","module":"ng-zorro-antd/i18n","name":"NzI18nService","line":147,"character":28},{"__symbolic":"reference","module":"@angular/core","name":"ChangeDetectorRef","line":147,"character":56},{"__symbolic":"reference","module":"ng-zorro-antd/core/services","name":"NzBreakpointService","line":147,"character":102}]}],"ngOnInit":[{"__symbolic":"method"}],"ngOnDestroy":[{"__symbolic":"method"}],"ngOnChanges":[{"__symbolic":"method"}]}},"NzPaginationModule":{"__symbolic":"class","decorators":[{"__symbolic":"call","expression":{"__symbolic":"reference","module":"@angular/core","name":"NgModule","line":18,"character":1},"arguments":[{"declarations":[{"__symbolic":"reference","name":"NzPaginationComponent"},{"__symbolic":"reference","name":"NzPaginationSimpleComponent"},{"__symbolic":"reference","name":"NzPaginationOptionsComponent"},{"__symbolic":"reference","name":"NzPaginationItemComponent"},{"__symbolic":"reference","name":"NzPaginationDefaultComponent"}],"exports":[{"__symbolic":"reference","name":"NzPaginationComponent"}],"imports":[{"__symbolic":"reference","module":"@angular/common","name":"CommonModule","line":27,"character":12},{"__symbolic":"reference","module":"@angular/forms","name":"FormsModule","line":27,"character":26},{"__symbolic":"reference","module":"ng-zorro-antd/select","name":"NzSelectModule","line":27,"character":39},{"__symbolic":"reference","module":"ng-zorro-antd/i18n","name":"NzI18nModule","line":27,"character":55},{"__symbolic":"reference","module":"ng-zorro-antd/icon","name":"NzIconModule","line":27,"character":69}]}]}],"members":{}},"PaginationItemRenderContext":{"__symbolic":"interface"},"PaginationItemType":{"__symbolic":"interface"},"NzPaginationSimpleComponent":{"__symbolic":"class","decorators":[{"__symbolic":"call","expression":{"__symbolic":"reference","module":"@angular/core","name":"Component","line":23,"character":1},"arguments":[{"selector":"nz-pagination-simple","preserveWhitespaces":false,"encapsulation":{"__symbolic":"select","expression":{"__symbolic":"reference","module":"@angular/core","name":"ViewEncapsulation","line":26,"character":17},"member":"None"},"changeDetection":{"__symbolic":"select","expression":{"__symbolic":"reference","module":"@angular/core","name":"ChangeDetectionStrategy","line":27,"character":19},"member":"OnPush"},"template":"\n    <ng-template #containerTemplate>\n      <li\n        nz-pagination-item\n        [attr.title]=\"locale.prev_page\"\n        [disabled]=\"isFirstIndex\"\n        (click)=\"prePage()\"\n        type=\"prev\"\n        [itemRender]=\"itemRender\"\n      ></li>\n      <li [attr.title]=\"pageIndex + '/' + lastIndex\" class=\"ant-pagination-simple-pager\">\n        <input [disabled]=\"disabled\" [value]=\"pageIndex\" (keydown.enter)=\"jumpToPageViaInput($event)\" size=\"3\" />\n        <span class=\"ant-pagination-slash\">/</span>\n        {{ lastIndex }}\n      </li>\n      <li\n        nz-pagination-item\n        [attr.title]=\"locale.next_page\"\n        [disabled]=\"isLastIndex\"\n        (click)=\"nextPage()\"\n        type=\"next\"\n        [itemRender]=\"itemRender\"\n      ></li>\n    </ng-template>\n  "}]}],"members":{"template":[{"__symbolic":"property","decorators":[{"__symbolic":"call","expression":{"__symbolic":"reference","module":"@angular/core","name":"ViewChild","line":55,"character":3},"arguments":["containerTemplate",{"static":true}]}]}],"itemRender":[{"__symbolic":"property","decorators":[{"__symbolic":"call","expression":{"__symbolic":"reference","module":"@angular/core","name":"Input","line":56,"character":3}}]}],"disabled":[{"__symbolic":"property","decorators":[{"__symbolic":"call","expression":{"__symbolic":"reference","module":"@angular/core","name":"Input","line":57,"character":3}}]}],"locale":[{"__symbolic":"property","decorators":[{"__symbolic":"call","expression":{"__symbolic":"reference","module":"@angular/core","name":"Input","line":58,"character":3}}]}],"total":[{"__symbolic":"property","decorators":[{"__symbolic":"call","expression":{"__symbolic":"reference","module":"@angular/core","name":"Input","line":59,"character":3}}]}],"pageIndex":[{"__symbolic":"property","decorators":[{"__symbolic":"call","expression":{"__symbolic":"reference","module":"@angular/core","name":"Input","line":60,"character":3}}]}],"pageSize":[{"__symbolic":"property","decorators":[{"__symbolic":"call","expression":{"__symbolic":"reference","module":"@angular/core","name":"Input","line":61,"character":3}}]}],"pageIndexChange":[{"__symbolic":"property","decorators":[{"__symbolic":"call","expression":{"__symbolic":"reference","module":"@angular/core","name":"Output","line":62,"character":3}}]}],"__ctor__":[{"__symbolic":"constructor","parameters":[{"__symbolic":"reference","module":"@angular/core","name":"Renderer2","line":67,"character":24},{"__symbolic":"reference","module":"@angular/core","name":"ElementRef","line":67,"character":47}]}],"jumpToPageViaInput":[{"__symbolic":"method"}],"prePage":[{"__symbolic":"method"}],"nextPage":[{"__symbolic":"method"}],"onPageIndexChange":[{"__symbolic":"method"}],"updateBindingValue":[{"__symbolic":"method"}],"ngOnChanges":[{"__symbolic":"method"}]}},"NzPaginationOptionsComponent":{"__symbolic":"class","decorators":[{"__symbolic":"call","expression":{"__symbolic":"reference","module":"@angular/core","name":"Component","line":18,"character":1},"arguments":[{"selector":"div[nz-pagination-options]","preserveWhitespaces":false,"encapsulation":{"__symbolic":"select","expression":{"__symbolic":"reference","module":"@angular/core","name":"ViewEncapsulation","line":21,"character":17},"member":"None"},"changeDetection":{"__symbolic":"select","expression":{"__symbolic":"reference","module":"@angular/core","name":"ChangeDetectionStrategy","line":22,"character":19},"member":"OnPush"},"template":"\n    <nz-select\n      class=\"ant-pagination-options-size-changer\"\n      *ngIf=\"showSizeChanger\"\n      [nzDisabled]=\"disabled\"\n      [nzSize]=\"nzSize\"\n      [ngModel]=\"pageSize\"\n      (ngModelChange)=\"onPageSizeChange($event)\"\n    >\n      <nz-option\n        *ngFor=\"let option of listOfPageSizeOption; trackBy: trackByOption\"\n        [nzLabel]=\"option.label\"\n        [nzValue]=\"option.value\"\n      ></nz-option>\n    </nz-select>\n    <div class=\"ant-pagination-options-quick-jumper\" *ngIf=\"showQuickJumper\">\n      {{ locale.jump_to }}\n      <input [disabled]=\"disabled\" (keydown.enter)=\"jumpToPageViaInput($event)\" />\n      {{ locale.page }}\n    </div>\n  ","host":{"[class.ant-pagination-options]":"true","$quoted$":["[class.ant-pagination-options]"]}}]}],"members":{"nzSize":[{"__symbolic":"property","decorators":[{"__symbolic":"call","expression":{"__symbolic":"reference","module":"@angular/core","name":"Input","line":49,"character":3}}]}],"disabled":[{"__symbolic":"property","decorators":[{"__symbolic":"call","expression":{"__symbolic":"reference","module":"@angular/core","name":"Input","line":50,"character":3}}]}],"showSizeChanger":[{"__symbolic":"property","decorators":[{"__symbolic":"call","expression":{"__symbolic":"reference","module":"@angular/core","name":"Input","line":51,"character":3}}]}],"showQuickJumper":[{"__symbolic":"property","decorators":[{"__symbolic":"call","expression":{"__symbolic":"reference","module":"@angular/core","name":"Input","line":52,"character":3}}]}],"locale":[{"__symbolic":"property","decorators":[{"__symbolic":"call","expression":{"__symbolic":"reference","module":"@angular/core","name":"Input","line":53,"character":3}}]}],"total":[{"__symbolic":"property","decorators":[{"__symbolic":"call","expression":{"__symbolic":"reference","module":"@angular/core","name":"Input","line":54,"character":3}}]}],"pageIndex":[{"__symbolic":"property","decorators":[{"__symbolic":"call","expression":{"__symbolic":"reference","module":"@angular/core","name":"Input","line":55,"character":3}}]}],"pageSize":[{"__symbolic":"property","decorators":[{"__symbolic":"call","expression":{"__symbolic":"reference","module":"@angular/core","name":"Input","line":56,"character":3}}]}],"pageSizeOptions":[{"__symbolic":"property","decorators":[{"__symbolic":"call","expression":{"__symbolic":"reference","module":"@angular/core","name":"Input","line":57,"character":3}}]}],"pageIndexChange":[{"__symbolic":"property","decorators":[{"__symbolic":"call","expression":{"__symbolic":"reference","module":"@angular/core","name":"Output","line":58,"character":3}}]}],"pageSizeChange":[{"__symbolic":"property","decorators":[{"__symbolic":"call","expression":{"__symbolic":"reference","module":"@angular/core","name":"Output","line":59,"character":3}}]}],"onPageSizeChange":[{"__symbolic":"method"}],"jumpToPageViaInput":[{"__symbolic":"method"}],"trackByOption":[{"__symbolic":"method"}],"ngOnChanges":[{"__symbolic":"method"}]}},"NzPaginationItemComponent":{"__symbolic":"class","decorators":[{"__symbolic":"call","expression":{"__symbolic":"reference","module":"@angular/core","name":"Component","line":19,"character":1},"arguments":[{"selector":"li[nz-pagination-item]","preserveWhitespaces":false,"encapsulation":{"__symbolic":"select","expression":{"__symbolic":"reference","module":"@angular/core","name":"ViewEncapsulation","line":22,"character":17},"member":"None"},"changeDetection":{"__symbolic":"select","expression":{"__symbolic":"reference","module":"@angular/core","name":"ChangeDetectionStrategy","line":23,"character":19},"member":"OnPush"},"template":"\n    <ng-template #renderItemTemplate let-type let-page=\"page\">\n      <ng-container [ngSwitch]=\"type\">\n        <a *ngSwitchCase=\"'page'\">{{ page }}</a>\n        <ng-container *ngSwitchDefault>\n          <a class=\"ant-pagination-item-link\" [ngSwitch]=\"type\">\n            <i nz-icon nzType=\"left\" *ngSwitchCase=\"'prev'\"></i>\n            <i nz-icon nzType=\"right\" *ngSwitchCase=\"'next'\"></i>\n            <div class=\"ant-pagination-item-container\" *ngSwitchDefault>\n              <ng-container [ngSwitch]=\"type\">\n                <i *ngSwitchCase=\"'prev_5'\" nz-icon nzType=\"double-left\" class=\"ant-pagination-item-link-icon\"></i>\n                <i *ngSwitchCase=\"'next_5'\" nz-icon nzType=\"double-right\" class=\"ant-pagination-item-link-icon\"></i>\n              </ng-container>\n              <span class=\"ant-pagination-item-ellipsis\">•••</span>\n            </div>\n          </a>\n        </ng-container>\n      </ng-container>\n    </ng-template>\n    <ng-template\n      [ngTemplateOutlet]=\"itemRender || renderItemTemplate\"\n      [ngTemplateOutletContext]=\"{ $implicit: type, page: index }\"\n    ></ng-template>\n  ","host":{"[class.ant-pagination-prev]":"type === 'prev'","[class.ant-pagination-next]":"type === 'next'","[class.ant-pagination-item]":"type === 'page'","[class.ant-pagination-jump-prev]":"type === 'prev_5'","[class.ant-pagination-jump-prev-custom-icon]":"type === 'prev_5'","[class.ant-pagination-jump-next]":"type === 'next_5'","[class.ant-pagination-jump-next-custom-icon]":"type === 'next_5'","[class.ant-pagination-disabled]":"disabled","[class.ant-pagination-item-active]]":"active","[attr.title]":"title","(click)":"clickItem()","$quoted$":["[class.ant-pagination-prev]","[class.ant-pagination-next]","[class.ant-pagination-item]","[class.ant-pagination-jump-prev]","[class.ant-pagination-jump-prev-custom-icon]","[class.ant-pagination-jump-next]","[class.ant-pagination-jump-next-custom-icon]","[class.ant-pagination-disabled]","[class.ant-pagination-item-active]]","[attr.title]","(click)"]}}]}],"members":{"active":[{"__symbolic":"property","decorators":[{"__symbolic":"call","expression":{"__symbolic":"reference","module":"@angular/core","name":"Input","line":66,"character":3}}]}],"locale":[{"__symbolic":"property","decorators":[{"__symbolic":"call","expression":{"__symbolic":"reference","module":"@angular/core","name":"Input","line":67,"character":3}}]}],"index":[{"__symbolic":"property","decorators":[{"__symbolic":"call","expression":{"__symbolic":"reference","module":"@angular/core","name":"Input","line":68,"character":3}}]}],"disabled":[{"__symbolic":"property","decorators":[{"__symbolic":"call","expression":{"__symbolic":"reference","module":"@angular/core","name":"Input","line":69,"character":3}}]}],"type":[{"__symbolic":"property","decorators":[{"__symbolic":"call","expression":{"__symbolic":"reference","module":"@angular/core","name":"Input","line":70,"character":3}}]}],"itemRender":[{"__symbolic":"property","decorators":[{"__symbolic":"call","expression":{"__symbolic":"reference","module":"@angular/core","name":"Input","line":71,"character":3}}]}],"diffIndex":[{"__symbolic":"property","decorators":[{"__symbolic":"call","expression":{"__symbolic":"reference","module":"@angular/core","name":"Output","line":72,"character":3}}]}],"gotoIndex":[{"__symbolic":"property","decorators":[{"__symbolic":"call","expression":{"__symbolic":"reference","module":"@angular/core","name":"Output","line":73,"character":3}}]}],"clickItem":[{"__symbolic":"method"}],"ngOnChanges":[{"__symbolic":"method"}]}},"NzPaginationDefaultComponent":{"__symbolic":"class","decorators":[{"__symbolic":"call","expression":{"__symbolic":"reference","module":"@angular/core","name":"Component","line":23,"character":1},"arguments":[{"selector":"nz-pagination-default","preserveWhitespaces":false,"encapsulation":{"__symbolic":"select","expression":{"__symbolic":"reference","module":"@angular/core","name":"ViewEncapsulation","line":26,"character":17},"member":"None"},"changeDetection":{"__symbolic":"select","expression":{"__symbolic":"reference","module":"@angular/core","name":"ChangeDetectionStrategy","line":27,"character":19},"member":"OnPush"},"template":"\n    <ng-template #containerTemplate>\n      <li class=\"ant-pagination-total-text\" *ngIf=\"showTotal\">\n        <ng-template [ngTemplateOutlet]=\"showTotal\" [ngTemplateOutletContext]=\"{ $implicit: total, range: ranges }\"></ng-template>\n      </li>\n      <li\n        *ngFor=\"let page of listOfPageItem; trackBy: trackByPageItem\"\n        nz-pagination-item\n        [locale]=\"locale\"\n        [type]=\"page.type\"\n        [index]=\"page.index\"\n        [disabled]=\"!!page.disabled\"\n        [itemRender]=\"itemRender\"\n        [active]=\"pageIndex === page.index\"\n        (gotoIndex)=\"jumpPage($event)\"\n        (diffIndex)=\"jumpDiff($event)\"\n      ></li>\n      <div\n        nz-pagination-options\n        *ngIf=\"showQuickJumper || showSizeChanger\"\n        [total]=\"total\"\n        [locale]=\"locale\"\n        [disabled]=\"disabled\"\n        [nzSize]=\"nzSize\"\n        [showSizeChanger]=\"showSizeChanger\"\n        [showQuickJumper]=\"showQuickJumper\"\n        [pageIndex]=\"pageIndex\"\n        [pageSize]=\"pageSize\"\n        [pageSizeOptions]=\"pageSizeOptions\"\n        (pageIndexChange)=\"onPageIndexChange($event)\"\n        (pageSizeChange)=\"onPageSizeChange($event)\"\n      ></div>\n    </ng-template>\n  "}]}],"members":{"template":[{"__symbolic":"property","decorators":[{"__symbolic":"call","expression":{"__symbolic":"reference","module":"@angular/core","name":"ViewChild","line":64,"character":3},"arguments":["containerTemplate",{"static":true}]}]}],"nzSize":[{"__symbolic":"property","decorators":[{"__symbolic":"call","expression":{"__symbolic":"reference","module":"@angular/core","name":"Input","line":65,"character":3}}]}],"itemRender":[{"__symbolic":"property","decorators":[{"__symbolic":"call","expression":{"__symbolic":"reference","module":"@angular/core","name":"Input","line":66,"character":3}}]}],"showTotal":[{"__symbolic":"property","decorators":[{"__symbolic":"call","expression":{"__symbolic":"reference","module":"@angular/core","name":"Input","line":67,"character":3}}]}],"disabled":[{"__symbolic":"property","decorators":[{"__symbolic":"call","expression":{"__symbolic":"reference","module":"@angular/core","name":"Input","line":68,"character":3}}]}],"locale":[{"__symbolic":"property","decorators":[{"__symbolic":"call","expression":{"__symbolic":"reference","module":"@angular/core","name":"Input","line":69,"character":3}}]}],"showSizeChanger":[{"__symbolic":"property","decorators":[{"__symbolic":"call","expression":{"__symbolic":"reference","module":"@angular/core","name":"Input","line":70,"character":3}}]}],"showQuickJumper":[{"__symbolic":"property","decorators":[{"__symbolic":"call","expression":{"__symbolic":"reference","module":"@angular/core","name":"Input","line":71,"character":3}}]}],"total":[{"__symbolic":"property","decorators":[{"__symbolic":"call","expression":{"__symbolic":"reference","module":"@angular/core","name":"Input","line":72,"character":3}}]}],"pageIndex":[{"__symbolic":"property","decorators":[{"__symbolic":"call","expression":{"__symbolic":"reference","module":"@angular/core","name":"Input","line":73,"character":3}}]}],"pageSize":[{"__symbolic":"property","decorators":[{"__symbolic":"call","expression":{"__symbolic":"reference","module":"@angular/core","name":"Input","line":74,"character":3}}]}],"pageSizeOptions":[{"__symbolic":"property","decorators":[{"__symbolic":"call","expression":{"__symbolic":"reference","module":"@angular/core","name":"Input","line":75,"character":3}}]}],"pageIndexChange":[{"__symbolic":"property","decorators":[{"__symbolic":"call","expression":{"__symbolic":"reference","module":"@angular/core","name":"Output","line":76,"character":3}}]}],"pageSizeChange":[{"__symbolic":"property","decorators":[{"__symbolic":"call","expression":{"__symbolic":"reference","module":"@angular/core","name":"Output","line":77,"character":3}}]}],"__ctor__":[{"__symbolic":"constructor","parameters":[{"__symbolic":"reference","module":"@angular/core","name":"Renderer2","line":81,"character":24},{"__symbolic":"reference","module":"@angular/core","name":"ElementRef","line":81,"character":47}]}],"jumpPage":[{"__symbolic":"method"}],"jumpDiff":[{"__symbolic":"method"}],"trackByPageItem":[{"__symbolic":"method"}],"onPageIndexChange":[{"__symbolic":"method"}],"onPageSizeChange":[{"__symbolic":"method"}],"getLastIndex":[{"__symbolic":"method"}],"buildIndexes":[{"__symbolic":"method"}],"getListOfPageItem":[{"__symbolic":"method"}],"ngOnChanges":[{"__symbolic":"method"}]}}},"origins":{"NzPaginationComponent":"./pagination.component","NzPaginationModule":"./pagination.module","PaginationItemRenderContext":"./pagination.types","PaginationItemType":"./pagination.types","NzPaginationSimpleComponent":"./pagination-simple.component","NzPaginationOptionsComponent":"./pagination-options.component","NzPaginationItemComponent":"./pagination-item.component","NzPaginationDefaultComponent":"./pagination-default.component"},"importAs":"ng-zorro-antd/pagination"}