{"__symbolic":"module","version":4,"metadata":{"NzNoAnimationModule":{"__symbolic":"class","decorators":[{"__symbolic":"call","expression":{"__symbolic":"reference","module":"@angular/core","name":"NgModule","line":10,"character":1},"arguments":[{"declarations":[{"__symbolic":"reference","name":"NzNoAnimationDirective"}],"exports":[{"__symbolic":"reference","name":"NzNoAnimationDirective"}],"imports":[{"__symbolic":"reference","module":"@angular/common","name":"CommonModule","line":13,"character":12}]}]}],"members":{}},"NzNoAnimationDirective":{"__symbolic":"class","decorators":[{"__symbolic":"call","expression":{"__symbolic":"reference","module":"@angular/core","name":"Directive","line":13,"character":1},"arguments":[{"selector":"[nzNoAnimation]","exportAs":"nzNoAnimation"}]}],"members":{"nzNoAnimation":[{"__symbolic":"property","decorators":[{"__symbolic":"call","expression":{"__symbolic":"reference","module":"@angular/core","name":"Input","line":20,"character":3}},{"__symbolic":"call","expression":{"__symbolic":"reference","module":"ng-zorro-antd/core/util","name":"InputBoolean","line":20,"character":12}}]}],"__ctor__":[{"__symbolic":"constructor","parameterDecorators":[null,null,[{"__symbolic":"call","expression":{"__symbolic":"reference","module":"@angular/core","name":"Optional","line":25,"character":5}},{"__symbolic":"call","expression":{"__symbolic":"reference","module":"@angular/core","name":"Inject","line":25,"character":17},"arguments":[{"__symbolic":"reference","module":"@angular/platform-browser/animations","name":"ANIMATION_MODULE_TYPE","line":25,"character":24}]}]],"parameters":[{"__symbolic":"reference","module":"@angular/core","name":"ElementRef","line":23,"character":21},{"__symbolic":"reference","module":"@angular/core","name":"Renderer2","line":24,"character":22},{"__symbolic":"reference","name":"string"}]}],"ngOnChanges":[{"__symbolic":"method"}],"ngAfterViewInit":[{"__symbolic":"method"}],"updateClass":[{"__symbolic":"method"}]}}},"origins":{"NzNoAnimationModule":"./nz-no-animation.module","NzNoAnimationDirective":"./nz-no-animation.directive"},"importAs":"ng-zorro-antd/core/no-animation"}