{"__symbolic":"module","version":4,"metadata":{"NzConfigService":{"__symbolic":"class","decorators":[{"__symbolic":"call","expression":{"__symbolic":"reference","module":"@angular/core","name":"Injectable","line":17,"character":1},"arguments":[{"providedIn":"root"}]}],"members":{"__ctor__":[{"__symbolic":"constructor","parameterDecorators":[[{"__symbolic":"call","expression":{"__symbolic":"reference","module":"@angular/core","name":"Optional","line":26,"character":15}},{"__symbolic":"call","expression":{"__symbolic":"reference","module":"@angular/core","name":"Inject","line":26,"character":27},"arguments":[{"__symbolic":"reference","name":"NZ_CONFIG"}]}]],"parameters":[{"__symbolic":"reference","name":"NzConfig"}]}],"getConfigForComponent":[{"__symbolic":"method"}],"getConfigChangeEventForComponent":[{"__symbolic":"method"}],"set":[{"__symbolic":"method"}]},"statics":{"ɵprov":{}}},"WithConfig":{"__symbolic":"function","parameters":["componentName"],"value":{"__symbolic":"error","message":"Lambda not supported","line":55,"character":9,"module":"./config.service"}},"NzConfig":{"__symbolic":"interface"},"SelectConfig":{"__symbolic":"interface"},"AffixConfig":{"__symbolic":"interface"},"AlertConfig":{"__symbolic":"interface"},"AvatarConfig":{"__symbolic":"interface"},"AnchorConfig":{"__symbolic":"interface"},"BackTopConfig":{"__symbolic":"interface"},"BadgeConfig":{"__symbolic":"interface"},"ButtonConfig":{"__symbolic":"interface"},"CodeEditorConfig":{"__symbolic":"interface"},"CardConfig":{"__symbolic":"interface"},"CarouselConfig":{"__symbolic":"interface"},"CascaderConfig":{"__symbolic":"interface"},"CollapseConfig":{"__symbolic":"interface"},"CollapsePanelConfig":{"__symbolic":"interface"},"DatePickerConfig":{"__symbolic":"interface"},"DescriptionsConfig":{"__symbolic":"interface"},"DrawerConfig":{"__symbolic":"interface"},"EmptyConfig":{"__symbolic":"interface"},"FormConfig":{"__symbolic":"interface"},"IconConfig":{"__symbolic":"interface"},"MessageConfig":{"__symbolic":"interface"},"ModalConfig":{"__symbolic":"interface"},"NotificationConfig":{"__symbolic":"interface"},"PageHeaderConfig":{"__symbolic":"interface"},"ProgressConfig":{"__symbolic":"interface"},"RateConfig":{"__symbolic":"interface"},"SpaceConfig":{"__symbolic":"interface"},"SpinConfig":{"__symbolic":"interface"},"SwitchConfig":{"__symbolic":"interface"},"TableConfig":{"__symbolic":"interface"},"TabsConfig":{"__symbolic":"interface"},"TimePickerConfig":{"__symbolic":"interface"},"TreeConfig":{"__symbolic":"interface"},"TreeSelectConfig":{"__symbolic":"interface"},"TypographyConfig":{"__symbolic":"interface"},"NzConfigKey":{"__symbolic":"interface"},"NZ_CONFIG":{"__symbolic":"new","expression":{"__symbolic":"reference","module":"@angular/core","name":"InjectionToken","line":268,"character":29},"arguments":["nz-config"]}},"origins":{"NzConfigService":"./config.service","WithConfig":"./config.service","NzConfig":"./config","SelectConfig":"./config","AffixConfig":"./config","AlertConfig":"./config","AvatarConfig":"./config","AnchorConfig":"./config","BackTopConfig":"./config","BadgeConfig":"./config","ButtonConfig":"./config","CodeEditorConfig":"./config","CardConfig":"./config","CarouselConfig":"./config","CascaderConfig":"./config","CollapseConfig":"./config","CollapsePanelConfig":"./config","DatePickerConfig":"./config","DescriptionsConfig":"./config","DrawerConfig":"./config","EmptyConfig":"./config","FormConfig":"./config","IconConfig":"./config","MessageConfig":"./config","ModalConfig":"./config","NotificationConfig":"./config","PageHeaderConfig":"./config","ProgressConfig":"./config","RateConfig":"./config","SpaceConfig":"./config","SpinConfig":"./config","SwitchConfig":"./config","TableConfig":"./config","TabsConfig":"./config","TimePickerConfig":"./config","TreeConfig":"./config","TreeSelectConfig":"./config","TypographyConfig":"./config","NzConfigKey":"./config","NZ_CONFIG":"./config"},"importAs":"ng-zorro-antd/core/config"}