{"__symbolic":"module","version":4,"metadata":{"toArray":{"__symbolic":"function"},"arraysEqual":{"__symbolic":"function"},"shallowCopyArray":{"__symbolic":"function","parameters":["source"],"value":{"__symbolic":"call","expression":{"__symbolic":"select","expression":{"__symbolic":"reference","name":"source"},"member":"slice"}}},"isNotNil":{"__symbolic":"function","parameters":["value"],"value":{"__symbolic":"binop","operator":"&&","left":{"__symbolic":"binop","operator":"!==","left":{"__symbolic":"error","message":"Expression form not supported","line":10,"character":9,"module":"./check"},"right":"undefined"},"right":{"__symbolic":"binop","operator":"!==","left":{"__symbolic":"reference","name":"value"},"right":null}}},"isNil":{"__symbolic":"function","parameters":["value"],"value":{"__symbolic":"binop","operator":"||","left":{"__symbolic":"binop","operator":"===","left":{"__symbolic":"error","message":"Expression form not supported","line":14,"character":9,"module":"./check"},"right":"undefined"},"right":{"__symbolic":"binop","operator":"===","left":{"__symbolic":"reference","name":"value"},"right":null}}},"shallowEqual":{"__symbolic":"function"},"isInteger":{"__symbolic":"function","parameters":["value"],"value":{"__symbolic":"binop","operator":"&&","left":{"__symbolic":"binop","operator":"&&","left":{"__symbolic":"binop","operator":"===","left":{"__symbolic":"error","message":"Expression form not supported","line":53,"character":9,"module":"./check"},"right":"number"},"right":{"__symbolic":"call","expression":{"__symbolic":"reference","name":"isFinite"},"arguments":[{"__symbolic":"reference","name":"value"}]}},"right":{"__symbolic":"binop","operator":"===","left":{"__symbolic":"call","expression":{"__symbolic":"select","expression":{"__symbolic":"reference","name":"Math"},"member":"floor"},"arguments":[{"__symbolic":"reference","name":"value"}]},"right":{"__symbolic":"reference","name":"value"}}}},"isEmpty":{"__symbolic":"function"},"filterNotEmptyNode":{"__symbolic":"function"},"isNonEmptyString":{"__symbolic":"function","parameters":["value"],"value":{"__symbolic":"binop","operator":"&&","left":{"__symbolic":"binop","operator":"===","left":{"__symbolic":"error","message":"Expression form not supported","line":81,"character":9,"module":"./check"},"right":"string"},"right":{"__symbolic":"binop","operator":"!==","left":{"__symbolic":"reference","name":"value"},"right":""}}},"isTemplateRef":{"__symbolic":"function","parameters":["value"],"value":{"__symbolic":"binop","operator":"instanceof","left":{"__symbolic":"reference","name":"value"},"right":{"__symbolic":"reference","module":"@angular/core","name":"TemplateRef","line":85,"character":26}}},"isComponent":{"__symbolic":"function","parameters":["value"],"value":{"__symbolic":"binop","operator":"instanceof","left":{"__symbolic":"reference","name":"value"},"right":{"__symbolic":"reference","module":"@angular/core","name":"Type","line":89,"character":26}}},"toBoolean":{"__symbolic":"function","parameters":["value"],"value":{"__symbolic":"call","expression":{"__symbolic":"reference","module":"@angular/cdk/coercion","name":"coerceBooleanProperty","line":11,"character":9},"arguments":[{"__symbolic":"reference","name":"value"}]}},"toNumber":{"__symbolic":"function","parameters":["value","fallbackValue"],"defaults":[null,0],"value":{"__symbolic":"if","condition":{"__symbolic":"call","expression":{"__symbolic":"reference","module":"@angular/cdk/coercion","name":"_isNumberValue","line":17,"character":9},"arguments":[{"__symbolic":"reference","name":"value"}]},"thenExpression":{"__symbolic":"call","expression":{"__symbolic":"reference","name":"Number"},"arguments":[{"__symbolic":"reference","name":"value"}]},"elseExpression":{"__symbolic":"reference","name":"fallbackValue"}}},"toCssPixel":{"__symbolic":"function","parameters":["value"],"value":{"__symbolic":"call","expression":{"__symbolic":"reference","module":"@angular/cdk/coercion","name":"coerceCssPixelValue","line":21,"character":9},"arguments":[{"__symbolic":"reference","name":"value"}]}},"valueFunctionProp":{"__symbolic":"function","parameters":["prop","args"],"value":{"__symbolic":"if","condition":{"__symbolic":"binop","operator":"===","left":{"__symbolic":"error","message":"Expression form not supported","line":30,"character":9,"module":"./convert"},"right":"function"},"thenExpression":{"__symbolic":"call","expression":{"__symbolic":"reference","name":"prop"},"arguments":[{"__symbolic":"spread","expression":{"__symbolic":"reference","name":"args"}}]},"elseExpression":{"__symbolic":"reference","name":"prop"}}},"InputBoolean":{"__symbolic":"function","parameters":[],"value":{"__symbolic":"error","message":"Reference to a non-exported function","line":33,"character":9,"context":{"name":"propDecoratorFactory"},"module":"./convert"}},"InputCssPixel":{"__symbolic":"function","parameters":[],"value":{"__symbolic":"error","message":"Reference to a non-exported function","line":33,"character":9,"context":{"name":"propDecoratorFactory"},"module":"./convert"}},"InputNumber":{"__symbolic":"function","parameters":["fallbackValue"],"value":{"__symbolic":"error","message":"Reference to a non-exported function","line":33,"character":9,"context":{"name":"propDecoratorFactory"},"module":"./convert"}},"silentEvent":{"__symbolic":"function"},"getElementOffset":{"__symbolic":"function"},"isTouchEvent":{"__symbolic":"function","parameters":["event"],"value":{"__symbolic":"call","expression":{"__symbolic":"select","expression":{"__symbolic":"select","expression":{"__symbolic":"reference","name":"event"},"member":"type"},"member":"startsWith"},"arguments":["touch"]}},"getEventPosition":{"__symbolic":"function","parameters":["event"],"value":{"__symbolic":"if","condition":{"__symbolic":"call","expression":{"__symbolic":"reference","name":"isTouchEvent"},"arguments":[{"__symbolic":"reference","name":"event"}]},"thenExpression":{"__symbolic":"binop","operator":"||","left":{"__symbolic":"index","expression":{"__symbolic":"select","expression":{"__symbolic":"reference","name":"event"},"member":"touches"},"index":0},"right":{"__symbolic":"index","expression":{"__symbolic":"select","expression":{"__symbolic":"reference","name":"event"},"member":"changedTouches"},"index":0}},"elseExpression":{"__symbolic":"reference","name":"event"}}},"MouseTouchObserverConfig":{"__symbolic":"interface"},"getRegExp":{"__symbolic":"function"},"getMentions":{"__symbolic":"function"},"padStart":{"__symbolic":"function"},"padEnd":{"__symbolic":"function"},"getRepeatedElement":{"__symbolic":"function","parameters":["length","element"],"value":{"__symbolic":"call","expression":{"__symbolic":"select","expression":{"__symbolic":"call","expression":{"__symbolic":"select","expression":{"__symbolic":"call","expression":{"__symbolic":"reference","name":"Array"},"arguments":[{"__symbolic":"reference","name":"length"}]},"member":"fill"},"arguments":[{"__symbolic":"reference","name":"element"}]},"member":"join"},"arguments":[""]}},"isPromise":{"__symbolic":"function","parameters":["obj"],"value":{"__symbolic":"binop","operator":"&&","left":{"__symbolic":"binop","operator":"&&","left":{"__symbolic":"pre","operator":"!","operand":{"__symbolic":"pre","operator":"!","operand":{"__symbolic":"reference","name":"obj"}}},"right":{"__symbolic":"binop","operator":"===","left":{"__symbolic":"error","message":"Expression form not supported","line":7,"character":18,"module":"./is-promise"},"right":"function"}},"right":{"__symbolic":"binop","operator":"===","left":{"__symbolic":"error","message":"Expression form not supported","line":7,"character":52,"module":"./is-promise"},"right":"function"}}},"getPercent":{"__symbolic":"function","parameters":["min","max","value"],"value":{"__symbolic":"binop","operator":"*","left":{"__symbolic":"binop","operator":"/","left":{"__symbolic":"binop","operator":"-","left":{"__symbolic":"reference","name":"value"},"right":{"__symbolic":"reference","name":"min"}},"right":{"__symbolic":"binop","operator":"-","left":{"__symbolic":"reference","name":"max"},"right":{"__symbolic":"reference","name":"min"}}},"right":100}},"getPrecision":{"__symbolic":"function"},"ensureNumberInRange":{"__symbolic":"function"},"scrollIntoView":{"__symbolic":"function"},"properties":["direction","boxSizing","width","height","overflowX","overflowY","borderTopWidth","borderRightWidth","borderBottomWidth","borderLeftWidth","borderStyle","paddingTop","paddingRight","paddingBottom","paddingLeft","fontStyle","fontVariant","fontWeight","fontStretch","fontSize","fontSizeAdjust","lineHeight","fontFamily","textAlign","textTransform","textIndent","textDecoration","letterSpacing","wordSpacing","tabSize","MozTabSize"],"Coordinates":{"__symbolic":"interface"},"getCaretCoordinates":{"__symbolic":"function"},"createDebugEle":{"__symbolic":"function"},"isStyleSupport":{"__symbolic":"function"},"getStyleAsText":{"__symbolic":"function"},"MeasureResult":{"__symbolic":"interface"},"pxToNumber":{"__symbolic":"function"},"measure":{"__symbolic":"function"},"measureScrollbar":{"__symbolic":"function"},"ensureInBounds":{"__symbolic":"function","parameters":["value","boundValue"],"value":{"__symbolic":"if","condition":{"__symbolic":"reference","name":"value"},"thenExpression":{"__symbolic":"if","condition":{"__symbolic":"binop","operator":"<","left":{"__symbolic":"reference","name":"value"},"right":{"__symbolic":"reference","name":"boundValue"}},"thenExpression":{"__symbolic":"reference","name":"value"},"elseExpression":{"__symbolic":"reference","name":"boundValue"}},"elseExpression":{"__symbolic":"reference","name":"boundValue"}}},"inNextTick":{"__symbolic":"function"},"wrapIntoObservable":{"__symbolic":"function"}},"origins":{"toArray":"./array","arraysEqual":"./array","shallowCopyArray":"./array","isNotNil":"./check","isNil":"./check","shallowEqual":"./check","isInteger":"./check","isEmpty":"./check","filterNotEmptyNode":"./check","isNonEmptyString":"./check","isTemplateRef":"./check","isComponent":"./check","toBoolean":"./convert","toNumber":"./convert","toCssPixel":"./convert","valueFunctionProp":"./convert","InputBoolean":"./convert","InputCssPixel":"./convert","InputNumber":"./convert","silentEvent":"./dom","getElementOffset":"./dom","isTouchEvent":"./dom","getEventPosition":"./dom","MouseTouchObserverConfig":"./dom","getRegExp":"./getMentions","getMentions":"./getMentions","padStart":"./string","padEnd":"./string","getRepeatedElement":"./string","isPromise":"./is-promise","getPercent":"./number","getPrecision":"./number","ensureNumberInRange":"./number","scrollIntoView":"./scroll-into-view-if-needed","properties":"./textarea-caret-position","Coordinates":"./textarea-caret-position","getCaretCoordinates":"./textarea-caret-position","createDebugEle":"./textarea-caret-position","isStyleSupport":"./style","getStyleAsText":"./style","MeasureResult":"./text-measure","pxToNumber":"./text-measure","measure":"./text-measure","measureScrollbar":"./measure-scrollbar","ensureInBounds":"./ensure-in-bounds","inNextTick":"./tick","wrapIntoObservable":"./observable"},"importAs":"ng-zorro-antd/core/util"}