{"__symbolic":"module","version":4,"metadata":{"NzProgressModule":{"__symbolic":"class","decorators":[{"__symbolic":"call","expression":{"__symbolic":"reference","module":"@angular/core","name":"NgModule","line":12,"character":1},"arguments":[{"exports":[{"__symbolic":"reference","name":"NzProgressComponent"}],"declarations":[{"__symbolic":"reference","name":"NzProgressComponent"}],"imports":[{"__symbolic":"reference","module":"@angular/common","name":"CommonModule","line":15,"character":12},{"__symbolic":"reference","module":"ng-zorro-antd/icon","name":"NzIconModule","line":15,"character":26},{"__symbolic":"reference","module":"ng-zorro-antd/core/outlet","name":"NzOutletModule","line":15,"character":40}]}]}],"members":{}},"NzProgressComponent":{"__symbolic":"class","decorators":[{"__symbolic":"call","expression":{"__symbolic":"reference","module":"@angular/core","name":"Component","line":40,"character":1},"arguments":[{"changeDetection":{"__symbolic":"select","expression":{"__symbolic":"reference","module":"@angular/core","name":"ChangeDetectionStrategy","line":41,"character":19},"member":"OnPush"},"encapsulation":{"__symbolic":"select","expression":{"__symbolic":"reference","module":"@angular/core","name":"ViewEncapsulation","line":42,"character":17},"member":"None"},"selector":"nz-progress","exportAs":"nzProgress","preserveWhitespaces":false,"template":"\n    <ng-template #progressInfoTemplate>\n      <span class=\"ant-progress-text\" *ngIf=\"nzShowInfo\">\n        <ng-container *ngIf=\"(status === 'exception' || status === 'success') && !nzFormat; else formatTemplate\">\n          <i nz-icon [nzType]=\"icon\"></i>\n        </ng-container>\n        <ng-template #formatTemplate>\n          <ng-container *nzStringTemplateOutlet=\"formatter; context: { $implicit: nzPercent }; let formatter\">\n            {{ formatter(nzPercent) }}\n          </ng-container>\n        </ng-template>\n      </span>\n    </ng-template>\n\n    <div\n      [ngClass]=\"'ant-progress ant-progress-status-' + status\"\n      [class.ant-progress-line]=\"nzType == 'line'\"\n      [class.ant-progress-small]=\"nzSize == 'small'\"\n      [class.ant-progress-show-info]=\"nzShowInfo\"\n      [class.ant-progress-circle]=\"isCircleStyle\"\n      [class.ant-progress-steps]=\"isSteps\"\n    >\n      <!-- line progress -->\n      <div *ngIf=\"nzType === 'line'\">\n        <ng-container *ngIf=\"!isSteps\">\n          <div class=\"ant-progress-outer\" *ngIf=\"!isSteps\">\n            <div class=\"ant-progress-inner\">\n              <div\n                class=\"ant-progress-bg\"\n                [style.width.%]=\"nzPercent\"\n                [style.border-radius]=\"nzStrokeLinecap === 'round' ? '100px' : '0'\"\n                [style.background]=\"!isGradient ? nzStrokeColor : null\"\n                [style.background-image]=\"isGradient ? lineGradient : null\"\n                [style.height.px]=\"strokeWidth\"\n              ></div>\n              <div\n                *ngIf=\"nzSuccessPercent || nzSuccessPercent === 0\"\n                class=\"ant-progress-success-bg\"\n                [style.width.%]=\"nzSuccessPercent\"\n                [style.border-radius]=\"nzStrokeLinecap === 'round' ? '100px' : '0'\"\n                [style.height.px]=\"strokeWidth\"\n              ></div>\n            </div>\n          </div>\n          <ng-template [ngTemplateOutlet]=\"progressInfoTemplate\"></ng-template>\n        </ng-container>\n        <!-- Step style progress -->\n        <div class=\"ant-progress-steps-outer\" *ngIf=\"isSteps\">\n          <div *ngFor=\"let step of steps; let i = index\" class=\"ant-progress-steps-item\" [ngStyle]=\"step\"></div>\n          <ng-template [ngTemplateOutlet]=\"progressInfoTemplate\"></ng-template>\n        </div>\n      </div>\n\n      <!-- circle / dashboard progress -->\n      <div\n        [style.width.px]=\"this.nzWidth\"\n        [style.height.px]=\"this.nzWidth\"\n        [style.fontSize.px]=\"this.nzWidth * 0.15 + 6\"\n        class=\"ant-progress-inner\"\n        [class.ant-progress-circle-gradient]=\"isGradient\"\n        *ngIf=\"isCircleStyle\"\n      >\n        <svg class=\"ant-progress-circle \" viewBox=\"0 0 100 100\">\n          <defs *ngIf=\"isGradient\">\n            <linearGradient [id]=\"'gradient-' + gradientId\" x1=\"100%\" y1=\"0%\" x2=\"0%\" y2=\"0%\">\n              <stop *ngFor=\"let i of circleGradient\" [attr.offset]=\"i.offset\" [attr.stop-color]=\"i.color\"></stop>\n            </linearGradient>\n          </defs>\n          <path\n            class=\"ant-progress-circle-trail\"\n            stroke=\"#f3f3f3\"\n            fill-opacity=\"0\"\n            [attr.stroke-width]=\"strokeWidth\"\n            [attr.d]=\"pathString\"\n            [ngStyle]=\"trailPathStyle\"\n          ></path>\n          <path\n            *ngFor=\"let p of progressCirclePath; trackBy: trackByFn\"\n            class=\"ant-progress-circle-path\"\n            fill-opacity=\"0\"\n            [attr.d]=\"pathString\"\n            [attr.stroke-linecap]=\"nzStrokeLinecap\"\n            [attr.stroke]=\"p.stroke\"\n            [attr.stroke-width]=\"nzPercent ? strokeWidth : 0\"\n            [ngStyle]=\"p.strokePathStyle\"\n          ></path>\n        </svg>\n        <ng-template [ngTemplateOutlet]=\"progressInfoTemplate\"></ng-template>\n      </div>\n    </div>\n  "}]}],"members":{"nzShowInfo":[{"__symbolic":"property","decorators":[{"__symbolic":"call","expression":{"__symbolic":"reference","module":"@angular/core","name":"Input","line":145,"character":3}},{"__symbolic":"call","expression":{"__symbolic":"reference","module":"ng-zorro-antd/core/config","name":"WithConfig","line":145,"character":12},"arguments":["progress"]}]}],"nzWidth":[{"__symbolic":"property","decorators":[{"__symbolic":"call","expression":{"__symbolic":"reference","module":"@angular/core","name":"Input","line":146,"character":3}}]}],"nzStrokeColor":[{"__symbolic":"property","decorators":[{"__symbolic":"call","expression":{"__symbolic":"reference","module":"@angular/core","name":"Input","line":147,"character":3}},{"__symbolic":"call","expression":{"__symbolic":"reference","module":"ng-zorro-antd/core/config","name":"WithConfig","line":147,"character":12},"arguments":["progress"]}]}],"nzSize":[{"__symbolic":"property","decorators":[{"__symbolic":"call","expression":{"__symbolic":"reference","module":"@angular/core","name":"Input","line":148,"character":3}},{"__symbolic":"call","expression":{"__symbolic":"reference","module":"ng-zorro-antd/core/config","name":"WithConfig","line":148,"character":12},"arguments":["progress"]}]}],"nzFormat":[{"__symbolic":"property","decorators":[{"__symbolic":"call","expression":{"__symbolic":"reference","module":"@angular/core","name":"Input","line":149,"character":3}}]}],"nzSuccessPercent":[{"__symbolic":"property","decorators":[{"__symbolic":"call","expression":{"__symbolic":"reference","module":"@angular/core","name":"Input","line":150,"character":3}},{"__symbolic":"call","expression":{"__symbolic":"reference","module":"ng-zorro-antd/core/util","name":"InputNumber","line":150,"character":12}}]}],"nzPercent":[{"__symbolic":"property","decorators":[{"__symbolic":"call","expression":{"__symbolic":"reference","module":"@angular/core","name":"Input","line":151,"character":3}},{"__symbolic":"call","expression":{"__symbolic":"reference","module":"ng-zorro-antd/core/util","name":"InputNumber","line":151,"character":12}}]}],"nzStrokeWidth":[{"__symbolic":"property","decorators":[{"__symbolic":"call","expression":{"__symbolic":"reference","module":"@angular/core","name":"Input","line":152,"character":3}},{"__symbolic":"call","expression":{"__symbolic":"reference","module":"ng-zorro-antd/core/config","name":"WithConfig","line":152,"character":12},"arguments":["progress"]},{"__symbolic":"call","expression":{"__symbolic":"reference","module":"ng-zorro-antd/core/util","name":"InputNumber","line":152,"character":50}}]}],"nzGapDegree":[{"__symbolic":"property","decorators":[{"__symbolic":"call","expression":{"__symbolic":"reference","module":"@angular/core","name":"Input","line":153,"character":3}},{"__symbolic":"call","expression":{"__symbolic":"reference","module":"ng-zorro-antd/core/config","name":"WithConfig","line":153,"character":12},"arguments":["progress"]},{"__symbolic":"call","expression":{"__symbolic":"reference","module":"ng-zorro-antd/core/util","name":"InputNumber","line":153,"character":50}}]}],"nzStatus":[{"__symbolic":"property","decorators":[{"__symbolic":"call","expression":{"__symbolic":"reference","module":"@angular/core","name":"Input","line":154,"character":3}}]}],"nzType":[{"__symbolic":"property","decorators":[{"__symbolic":"call","expression":{"__symbolic":"reference","module":"@angular/core","name":"Input","line":155,"character":3}}]}],"nzGapPosition":[{"__symbolic":"property","decorators":[{"__symbolic":"call","expression":{"__symbolic":"reference","module":"@angular/core","name":"Input","line":156,"character":3}},{"__symbolic":"call","expression":{"__symbolic":"reference","module":"ng-zorro-antd/core/config","name":"WithConfig","line":156,"character":12},"arguments":["progress"]}]}],"nzStrokeLinecap":[{"__symbolic":"property","decorators":[{"__symbolic":"call","expression":{"__symbolic":"reference","module":"@angular/core","name":"Input","line":157,"character":3}},{"__symbolic":"call","expression":{"__symbolic":"reference","module":"ng-zorro-antd/core/config","name":"WithConfig","line":157,"character":12},"arguments":["progress"]}]}],"nzSteps":[{"__symbolic":"property","decorators":[{"__symbolic":"call","expression":{"__symbolic":"reference","module":"@angular/core","name":"Input","line":159,"character":3}},{"__symbolic":"call","expression":{"__symbolic":"reference","module":"ng-zorro-antd/core/util","name":"InputNumber","line":159,"character":12}}]}],"__ctor__":[{"__symbolic":"constructor","parameters":[{"__symbolic":"reference","module":"ng-zorro-antd/core/config","name":"NzConfigService","line":207,"character":38}]}],"ngOnChanges":[{"__symbolic":"method"}],"ngOnInit":[{"__symbolic":"method"}],"ngOnDestroy":[{"__symbolic":"method"}],"updateIcon":[{"__symbolic":"method"}],"getSteps":[{"__symbolic":"method"}],"getCirclePaths":[{"__symbolic":"method"}],"setStrokeColor":[{"__symbolic":"method"}]}},"NzProgressGapPositionType":{"__symbolic":"interface"},"NzProgressStatusType":{"__symbolic":"interface"},"NzProgressTypeType":{"__symbolic":"interface"},"NzProgressStrokeLinecapType":{"__symbolic":"interface"},"NzProgressGradientProgress":{"__symbolic":"interface"},"NzProgressGradientFromTo":{"__symbolic":"interface"},"NzProgressColorGradient":{"__symbolic":"interface"},"NzProgressStrokeColorType":{"__symbolic":"interface"},"NzProgressFormatter":{"__symbolic":"interface"},"NzProgressCirclePath":{"__symbolic":"interface"},"NzProgressStepItem":{"__symbolic":"interface"}},"origins":{"NzProgressModule":"./progress.module","NzProgressComponent":"./progress.component","NzProgressGapPositionType":"./typings","NzProgressStatusType":"./typings","NzProgressTypeType":"./typings","NzProgressStrokeLinecapType":"./typings","NzProgressGradientProgress":"./typings","NzProgressGradientFromTo":"./typings","NzProgressColorGradient":"./typings","NzProgressStrokeColorType":"./typings","NzProgressFormatter":"./typings","NzProgressCirclePath":"./typings","NzProgressStepItem":"./typings"},"importAs":"ng-zorro-antd/progress"}