{"__symbolic":"module","version":4,"metadata":{"NzElementPatchDirective":{"__symbolic":"class","decorators":[{"__symbolic":"call","expression":{"__symbolic":"reference","module":"@angular/core","name":"Directive","line":10,"character":1},"arguments":[{"selector":"[nz-element]","exportAs":"nzElement"}]}],"members":{"__ctor__":[{"__symbolic":"constructor","parameters":[{"__symbolic":"reference","module":"@angular/core","name":"ElementRef","line":15,"character":33}]}]}},"NzElementPatchModule":{"__symbolic":"class","decorators":[{"__symbolic":"call","expression":{"__symbolic":"reference","module":"@angular/core","name":"NgModule","line":10,"character":1},"arguments":[{"imports":[{"__symbolic":"reference","module":"@angular/common","name":"CommonModule","line":11,"character":12}],"declarations":[{"__symbolic":"reference","name":"NzElementPatchDirective"}],"exports":[{"__symbolic":"reference","name":"NzElementPatchDirective"}]}]}],"members":{}}},"origins":{"NzElementPatchDirective":"./element-patch.directive","NzElementPatchModule":"./element-patch.module"},"importAs":"ng-zorro-antd/core/element-patch"}