{"__symbolic":"module","version":4,"metadata":{"NzFormModule":{"__symbolic":"class","decorators":[{"__symbolic":"call","expression":{"__symbolic":"reference","module":"@angular/core","name":"NgModule","line":21,"character":1},"arguments":[{"declarations":[{"__symbolic":"reference","name":"NzFormDirective"},{"__symbolic":"reference","name":"NzFormItemComponent"},{"__symbolic":"reference","name":"NzFormLabelComponent"},{"__symbolic":"reference","name":"NzFormControlComponent"},{"__symbolic":"reference","name":"NzFormTextComponent"},{"__symbolic":"reference","name":"NzFormSplitComponent"}],"exports":[{"__symbolic":"reference","module":"ng-zorro-antd/grid","name":"NzGridModule","line":31,"character":4},{"__symbolic":"reference","name":"NzFormDirective"},{"__symbolic":"reference","name":"NzFormItemComponent"},{"__symbolic":"reference","name":"NzFormLabelComponent"},{"__symbolic":"reference","name":"NzFormControlComponent"},{"__symbolic":"reference","name":"NzFormTextComponent"},{"__symbolic":"reference","name":"NzFormSplitComponent"}],"imports":[{"__symbolic":"reference","module":"@angular/common","name":"CommonModule","line":39,"character":12},{"__symbolic":"reference","module":"ng-zorro-antd/grid","name":"NzGridModule","line":39,"character":26},{"__symbolic":"reference","module":"ng-zorro-antd/icon","name":"NzIconModule","line":39,"character":40},{"__symbolic":"reference","module":"@angular/cdk/layout","name":"LayoutModule","line":39,"character":54},{"__symbolic":"reference","module":"@angular/cdk/platform","name":"PlatformModule","line":39,"character":68},{"__symbolic":"reference","module":"ng-zorro-antd/core/outlet","name":"NzOutletModule","line":39,"character":84}]}]}],"members":{}},"NzFormDirective":{"__symbolic":"class","decorators":[{"__symbolic":"call","expression":{"__symbolic":"reference","module":"@angular/core","name":"Directive","line":15,"character":1},"arguments":[{"selector":"[nz-form]","exportAs":"nzForm","host":{"[class.ant-form-horizontal]":"nzLayout === 'horizontal'","[class.ant-form-vertical]":"nzLayout === 'vertical'","[class.ant-form-inline]":"nzLayout === 'inline'","$quoted$":["[class.ant-form-horizontal]","[class.ant-form-vertical]","[class.ant-form-inline]"]}}]}],"members":{"nzLayout":[{"__symbolic":"property","decorators":[{"__symbolic":"call","expression":{"__symbolic":"reference","module":"@angular/core","name":"Input","line":28,"character":3}}]}],"nzNoColon":[{"__symbolic":"property","decorators":[{"__symbolic":"call","expression":{"__symbolic":"reference","module":"@angular/core","name":"Input","line":29,"character":3}},{"__symbolic":"call","expression":{"__symbolic":"reference","module":"ng-zorro-antd/core/config","name":"WithConfig","line":29,"character":12},"arguments":["form"]},{"__symbolic":"call","expression":{"__symbolic":"reference","module":"ng-zorro-antd/core/util","name":"InputBoolean","line":29,"character":50}}]}],"nzAutoTips":[{"__symbolic":"property","decorators":[{"__symbolic":"call","expression":{"__symbolic":"reference","module":"@angular/core","name":"Input","line":30,"character":3}},{"__symbolic":"call","expression":{"__symbolic":"reference","module":"ng-zorro-antd/core/config","name":"WithConfig","line":30,"character":12},"arguments":["form"]}]}],"nzDisableAutoTips":[{"__symbolic":"property","decorators":[{"__symbolic":"call","expression":{"__symbolic":"reference","module":"@angular/core","name":"Input","line":31,"character":3}},{"__symbolic":"call","expression":{"__symbolic":"reference","module":"ng-zorro-antd/core/util","name":"InputBoolean","line":31,"character":12}}]}],"getInputObservable":[{"__symbolic":"method"}],"__ctor__":[{"__symbolic":"constructor","parameters":[{"__symbolic":"reference","module":"ng-zorro-antd/core/config","name":"NzConfigService","line":43,"character":38},{"__symbolic":"reference","module":"@angular/core","name":"ElementRef","line":43,"character":67},{"__symbolic":"reference","module":"@angular/core","name":"Renderer2","line":43,"character":97}]}],"ngOnChanges":[{"__symbolic":"method"}],"ngOnDestroy":[{"__symbolic":"method"}]}},"NzFormControlStatusType":{"__symbolic":"interface"},"NzFormItemComponent":{"__symbolic":"class","decorators":[{"__symbolic":"call","expression":{"__symbolic":"reference","module":"@angular/core","name":"Component","line":22,"character":1},"arguments":[{"selector":"nz-form-item","exportAs":"nzFormItem","preserveWhitespaces":false,"changeDetection":{"__symbolic":"select","expression":{"__symbolic":"reference","module":"@angular/core","name":"ChangeDetectionStrategy","line":26,"character":19},"member":"OnPush"},"encapsulation":{"__symbolic":"select","expression":{"__symbolic":"reference","module":"@angular/core","name":"ViewEncapsulation","line":27,"character":17},"member":"None"},"host":{"[class.ant-form-item-has-success]":"status === \"success\"","[class.ant-form-item-has-warning]":"status === \"warning\"","[class.ant-form-item-has-error]":"status === \"error\"","[class.ant-form-item-is-validating]":"status === \"validating\"","[class.ant-form-item-has-feedback]":"hasFeedback && status","[class.ant-form-item-with-help]":"withHelpClass","$quoted$":["[class.ant-form-item-has-success]","[class.ant-form-item-has-warning]","[class.ant-form-item-has-error]","[class.ant-form-item-is-validating]","[class.ant-form-item-has-feedback]","[class.ant-form-item-with-help]"]},"template":" <ng-content></ng-content> "}]}],"members":{"nzFlex":[{"__symbolic":"property","decorators":[{"__symbolic":"call","expression":{"__symbolic":"reference","module":"@angular/core","name":"Input","line":42,"character":3}}]}],"setWithHelpViaTips":[{"__symbolic":"method"}],"setStatus":[{"__symbolic":"method"}],"setHasFeedback":[{"__symbolic":"method"}],"__ctor__":[{"__symbolic":"constructor","parameters":[{"__symbolic":"reference","module":"@angular/core","name":"ElementRef","line":67,"character":26},{"__symbolic":"reference","module":"@angular/core","name":"Renderer2","line":67,"character":48},{"__symbolic":"reference","module":"@angular/core","name":"ChangeDetectorRef","line":67,"character":72}]}],"ngOnDestroy":[{"__symbolic":"method"}]}},"NzFormLabelComponent":{"__symbolic":"class","decorators":[{"__symbolic":"call","expression":{"__symbolic":"reference","module":"@angular/core","name":"Component","line":24,"character":1},"arguments":[{"selector":"nz-form-label","exportAs":"nzFormLabel","preserveWhitespaces":false,"encapsulation":{"__symbolic":"select","expression":{"__symbolic":"reference","module":"@angular/core","name":"ViewEncapsulation","line":28,"character":17},"member":"None"},"changeDetection":{"__symbolic":"select","expression":{"__symbolic":"reference","module":"@angular/core","name":"ChangeDetectionStrategy","line":29,"character":19},"member":"OnPush"},"template":"\n    <label [attr.for]=\"nzFor\" [class.ant-form-item-no-colon]=\"nzNoColon\" [class.ant-form-item-required]=\"nzRequired\">\n      <ng-content></ng-content>\n    </label>\n  "}]}],"members":{"nzFor":[{"__symbolic":"property","decorators":[{"__symbolic":"call","expression":{"__symbolic":"reference","module":"@angular/core","name":"Input","line":40,"character":3}}]}],"nzRequired":[{"__symbolic":"property","decorators":[{"__symbolic":"call","expression":{"__symbolic":"reference","module":"@angular/core","name":"Input","line":41,"character":3}},{"__symbolic":"call","expression":{"__symbolic":"reference","module":"ng-zorro-antd/core/util","name":"InputBoolean","line":41,"character":12}}]}],"nzNoColon":[{"__symbolic":"property","decorators":[{"__symbolic":"call","expression":{"__symbolic":"reference","module":"@angular/core","name":"Input","line":42,"character":3}}]}],"__ctor__":[{"__symbolic":"constructor","parameterDecorators":[null,null,null,[{"__symbolic":"call","expression":{"__symbolic":"reference","module":"@angular/core","name":"Optional","line":58,"character":5}},{"__symbolic":"call","expression":{"__symbolic":"reference","module":"@angular/core","name":"SkipSelf","line":58,"character":17}}]],"parameters":[{"__symbolic":"reference","module":"@angular/core","name":"ElementRef","line":55,"character":16},{"__symbolic":"reference","module":"@angular/core","name":"Renderer2","line":56,"character":14},{"__symbolic":"reference","module":"@angular/core","name":"ChangeDetectorRef","line":57,"character":17},{"__symbolic":"reference","name":"NzFormDirective"}]}],"ngOnDestroy":[{"__symbolic":"method"}]}},"NzFormControlComponent":{"__symbolic":"class","decorators":[{"__symbolic":"call","expression":{"__symbolic":"reference","module":"@angular/core","name":"Component","line":42,"character":1},"arguments":[{"selector":"nz-form-control","exportAs":"nzFormControl","preserveWhitespaces":false,"animations":[{"__symbolic":"reference","module":"ng-zorro-antd/core/animation","name":"helpMotion","line":46,"character":15}],"encapsulation":{"__symbolic":"select","expression":{"__symbolic":"reference","module":"@angular/core","name":"ViewEncapsulation","line":47,"character":17},"member":"None"},"changeDetection":{"__symbolic":"select","expression":{"__symbolic":"reference","module":"@angular/core","name":"ChangeDetectionStrategy","line":48,"character":19},"member":"OnPush"},"template":"\n    <div class=\"ant-form-item-control-input\">\n      <div class=\"ant-form-item-control-input-content\">\n        <ng-content></ng-content>\n      </div>\n      <span class=\"ant-form-item-children-icon\">\n        <i *ngIf=\"nzHasFeedback && iconType\" nz-icon [nzType]=\"iconType\"></i>\n      </span>\n    </div>\n    <div class=\"ant-form-item-explain\" *ngIf=\"innerTip\">\n      <div @helpMotion>\n        <ng-container *nzStringTemplateOutlet=\"innerTip; context: { $implicit: validateControl }\">{{ innerTip }}</ng-container>\n      </div>\n    </div>\n    <div class=\"ant-form-item-extra\" *ngIf=\"nzExtra\">\n      <ng-container *nzStringTemplateOutlet=\"nzExtra\">{{ nzExtra }}</ng-container>\n    </div>\n  "}]}],"members":{"defaultValidateControl":[{"__symbolic":"property","decorators":[{"__symbolic":"call","expression":{"__symbolic":"reference","module":"@angular/core","name":"ContentChild","line":90,"character":3},"arguments":[{"__symbolic":"reference","module":"@angular/forms","name":"NgControl","line":90,"character":16},{"static":false}]}]}],"nzSuccessTip":[{"__symbolic":"property","decorators":[{"__symbolic":"call","expression":{"__symbolic":"reference","module":"@angular/core","name":"Input","line":91,"character":3}}]}],"nzWarningTip":[{"__symbolic":"property","decorators":[{"__symbolic":"call","expression":{"__symbolic":"reference","module":"@angular/core","name":"Input","line":92,"character":3}}]}],"nzErrorTip":[{"__symbolic":"property","decorators":[{"__symbolic":"call","expression":{"__symbolic":"reference","module":"@angular/core","name":"Input","line":93,"character":3}}]}],"nzValidatingTip":[{"__symbolic":"property","decorators":[{"__symbolic":"call","expression":{"__symbolic":"reference","module":"@angular/core","name":"Input","line":94,"character":3}}]}],"nzExtra":[{"__symbolic":"property","decorators":[{"__symbolic":"call","expression":{"__symbolic":"reference","module":"@angular/core","name":"Input","line":95,"character":3}}]}],"nzAutoTips":[{"__symbolic":"property","decorators":[{"__symbolic":"call","expression":{"__symbolic":"reference","module":"@angular/core","name":"Input","line":96,"character":3}}]}],"nzDisableAutoTips":[{"__symbolic":"property","decorators":[{"__symbolic":"call","expression":{"__symbolic":"reference","module":"@angular/core","name":"Input","line":97,"character":3}}]}],"nzHasFeedback":[{"__symbolic":"property","decorators":[{"__symbolic":"call","expression":{"__symbolic":"reference","module":"@angular/core","name":"Input","line":99,"character":3}}]}],"nzValidateStatus":[{"__symbolic":"property","decorators":[{"__symbolic":"call","expression":{"__symbolic":"reference","module":"@angular/core","name":"Input","line":111,"character":3}}]}],"watchControl":[{"__symbolic":"method"}],"setStatus":[{"__symbolic":"method"}],"getControlStatus":[{"__symbolic":"method"}],"validateControlStatus":[{"__symbolic":"method"}],"getInnerTip":[{"__symbolic":"method"}],"updateAutoErrorTip":[{"__symbolic":"method"}],"subscribeAutoTips":[{"__symbolic":"method"}],"__ctor__":[{"__symbolic":"constructor","parameterDecorators":[null,[{"__symbolic":"call","expression":{"__symbolic":"reference","module":"@angular/core","name":"Optional","line":225,"character":5}},{"__symbolic":"call","expression":{"__symbolic":"reference","module":"@angular/core","name":"Host","line":225,"character":17}}],null,null,null,[{"__symbolic":"call","expression":{"__symbolic":"reference","module":"@angular/core","name":"Optional","line":229,"character":5}},{"__symbolic":"call","expression":{"__symbolic":"reference","module":"@angular/core","name":"Host","line":229,"character":17}}]],"parameters":[{"__symbolic":"reference","module":"@angular/core","name":"ElementRef","line":224,"character":16},{"__symbolic":"reference","name":"NzFormItemComponent"},{"__symbolic":"reference","module":"@angular/core","name":"ChangeDetectorRef","line":226,"character":17},{"__symbolic":"reference","module":"@angular/core","name":"Renderer2","line":227,"character":14},{"__symbolic":"reference","module":"ng-zorro-antd/i18n","name":"NzI18nService","line":228,"character":10},{"__symbolic":"reference","name":"NzFormDirective"}]}],"ngOnChanges":[{"__symbolic":"method"}],"ngOnInit":[{"__symbolic":"method"}],"ngOnDestroy":[{"__symbolic":"method"}],"ngAfterContentInit":[{"__symbolic":"method"}]}},"NzFormTextComponent":{"__symbolic":"class","decorators":[{"__symbolic":"call","expression":{"__symbolic":"reference","module":"@angular/core","name":"Component","line":7,"character":1},"arguments":[{"selector":"nz-form-text","exportAs":"nzFormText","preserveWhitespaces":false,"changeDetection":{"__symbolic":"select","expression":{"__symbolic":"reference","module":"@angular/core","name":"ChangeDetectionStrategy","line":11,"character":19},"member":"OnPush"},"encapsulation":{"__symbolic":"select","expression":{"__symbolic":"reference","module":"@angular/core","name":"ViewEncapsulation","line":12,"character":17},"member":"None"},"template":" <ng-content></ng-content> "}]}],"members":{"__ctor__":[{"__symbolic":"constructor","parameters":[{"__symbolic":"reference","module":"@angular/core","name":"ElementRef","line":16,"character":33},{"__symbolic":"reference","module":"@angular/core","name":"Renderer2","line":16,"character":63}]}]}},"NzFormSplitComponent":{"__symbolic":"class","decorators":[{"__symbolic":"call","expression":{"__symbolic":"reference","module":"@angular/core","name":"Component","line":7,"character":1},"arguments":[{"selector":"nz-form-split","exportAs":"nzFormSplit","preserveWhitespaces":false,"encapsulation":{"__symbolic":"select","expression":{"__symbolic":"reference","module":"@angular/core","name":"ViewEncapsulation","line":11,"character":17},"member":"None"},"changeDetection":{"__symbolic":"select","expression":{"__symbolic":"reference","module":"@angular/core","name":"ChangeDetectionStrategy","line":12,"character":19},"member":"OnPush"},"template":" <ng-content></ng-content> "}]}],"members":{"__ctor__":[{"__symbolic":"constructor","parameters":[{"__symbolic":"reference","module":"@angular/core","name":"ElementRef","line":16,"character":33},{"__symbolic":"reference","module":"@angular/core","name":"Renderer2","line":16,"character":63}]}]}}},"origins":{"NzFormModule":"./form.module","NzFormDirective":"./form.directive","NzFormControlStatusType":"./form-item.component","NzFormItemComponent":"./form-item.component","NzFormLabelComponent":"./form-label.component","NzFormControlComponent":"./form-control.component","NzFormTextComponent":"./form-text.component","NzFormSplitComponent":"./form-split.component"},"importAs":"ng-zorro-antd/form"}