{"__symbolic":"module","version":4,"metadata":{"NzTreeNodeKey":{"__symbolic":"interface"},"FlattenNode":{"__symbolic":"interface"},"NzTreeNodeOptions":{"__symbolic":"interface"},"NzTreeNode":{"__symbolic":"class","members":{"__ctor__":[{"__symbolic":"constructor","parameters":[{"__symbolic":"reference","name":"any"},{"__symbolic":"reference","name":"NzTreeNode"},{"__symbolic":"reference","name":"NzTreeBaseService"}]}],"setSyncChecked":[{"__symbolic":"method"}],"setChecked":[{"__symbolic":"method"}],"setExpanded":[{"__symbolic":"method"}],"setSelected":[{"__symbolic":"method"}],"getParentNode":[{"__symbolic":"method"}],"getChildren":[{"__symbolic":"method"}],"addChildren":[{"__symbolic":"method"}],"clearChildren":[{"__symbolic":"method"}],"remove":[{"__symbolic":"method"}],"afterValueChange":[{"__symbolic":"method"}],"update":[{"__symbolic":"method"}]}},"NzFormatEmitEvent":{"__symbolic":"interface"},"NzFormatBeforeDropEvent":{"__symbolic":"interface"},"NzTreeNodeBaseComponent":{"__symbolic":"interface"},"NzTreeBaseService":{"__symbolic":"class","decorators":[{"__symbolic":"call","expression":{"__symbolic":"reference","module":"@angular/core","name":"Injectable","line":13,"character":1}}],"members":{"initTree":[{"__symbolic":"method"}],"flattenTreeData":[{"__symbolic":"method"}],"getSelectedNode":[{"__symbolic":"method"}],"getSelectedNodeList":[{"__symbolic":"method"}],"getCheckedNodeList":[{"__symbolic":"method"}],"getHalfCheckedNodeList":[{"__symbolic":"method"}],"getExpandedNodeList":[{"__symbolic":"method"}],"getMatchedNodeList":[{"__symbolic":"method"}],"isArrayOfNzTreeNode":[{"__symbolic":"method"}],"setSelectedNode":[{"__symbolic":"method"}],"setNodeActive":[{"__symbolic":"method"}],"setSelectedNodeList":[{"__symbolic":"method"}],"setHalfCheckedNodeList":[{"__symbolic":"method"}],"setCheckedNodeList":[{"__symbolic":"method"}],"conductNodeState":[{"__symbolic":"method"}],"setExpandedNodeList":[{"__symbolic":"method"}],"setMatchedNodeList":[{"__symbolic":"method"}],"refreshCheckState":[{"__symbolic":"method"}],"conduct":[{"__symbolic":"method"}],"conductUp":[{"__symbolic":"method"}],"conductDown":[{"__symbolic":"method"}],"afterRemove":[{"__symbolic":"method"}],"refreshDragNode":[{"__symbolic":"method"}],"resetNodeLevel":[{"__symbolic":"method"}],"calcDropPosition":[{"__symbolic":"method"}],"dropAndApply":[{"__symbolic":"method"}],"formatEvent":[{"__symbolic":"method"}],"getIndexOfArray":[{"__symbolic":"method"}],"conductCheck":[{"__symbolic":"method"}],"conductExpandedKeys":[{"__symbolic":"method"}],"conductSelectedKeys":[{"__symbolic":"method"}],"expandNodeAllParentBySearch":[{"__symbolic":"method"}]}},"NzTreeHigherOrderServiceToken":{"__symbolic":"new","expression":{"__symbolic":"reference","module":"@angular/core","name":"InjectionToken","line":9,"character":49},"arguments":["NzTreeHigherOrder"]},"NzTreeBase":{"__symbolic":"class","members":{"__ctor__":[{"__symbolic":"constructor","parameters":[{"__symbolic":"reference","name":"NzTreeBaseService"}]}],"coerceTreeNodes":[{"__symbolic":"method"}],"getTreeNodes":[{"__symbolic":"method"}],"getTreeNodeByKey":[{"__symbolic":"method"}],"getCheckedNodeList":[{"__symbolic":"method"}],"getSelectedNodeList":[{"__symbolic":"method"}],"getHalfCheckedNodeList":[{"__symbolic":"method"}],"getExpandedNodeList":[{"__symbolic":"method"}],"getMatchedNodeList":[{"__symbolic":"method"}]}},"isCheckDisabled":{"__symbolic":"function"},"isInArray":{"__symbolic":"function","parameters":["needle","haystack"],"value":{"__symbolic":"binop","operator":"&&","left":{"__symbolic":"binop","operator":">","left":{"__symbolic":"select","expression":{"__symbolic":"reference","name":"haystack"},"member":"length"},"right":0},"right":{"__symbolic":"binop","operator":">","left":{"__symbolic":"call","expression":{"__symbolic":"select","expression":{"__symbolic":"reference","name":"haystack"},"member":"indexOf"},"arguments":[{"__symbolic":"reference","name":"needle"}]},"right":-1}}},"getPosition":{"__symbolic":"function","parameters":["level","index"],"value":{"__symbolic":"binop","operator":"+","left":{"__symbolic":"binop","operator":"+","left":{"__symbolic":"reference","name":"level"},"right":"-"},"right":{"__symbolic":"reference","name":"index"}}},"getKey":{"__symbolic":"function"},"flattenTreeData":{"__symbolic":"function"}},"origins":{"NzTreeNodeKey":"./nz-tree-base-node","FlattenNode":"./nz-tree-base-node","NzTreeNodeOptions":"./nz-tree-base-node","NzTreeNode":"./nz-tree-base-node","NzFormatEmitEvent":"./nz-tree-base.definitions","NzFormatBeforeDropEvent":"./nz-tree-base.definitions","NzTreeNodeBaseComponent":"./nz-tree-base.definitions","NzTreeBaseService":"./nz-tree-base.service","NzTreeHigherOrderServiceToken":"./nz-tree-service.resolver","NzTreeBase":"./nz-tree-base","isCheckDisabled":"./nz-tree-base-util","isInArray":"./nz-tree-base-util","getPosition":"./nz-tree-base-util","getKey":"./nz-tree-base-util","flattenTreeData":"./nz-tree-base-util"},"importAs":"ng-zorro-antd/core/tree"}