{"__symbolic":"module","version":4,"metadata":{"AnimationDuration":{"__symbolic":"class","members":{},"statics":{"SLOW":"0.3s","BASE":"0.2s","FAST":"0.1s"}},"AnimationCurves":{"__symbolic":"class","members":{},"statics":{"EASE_BASE_OUT":"cubic-bezier(0.7, 0.3, 0.1, 1)","EASE_BASE_IN":"cubic-bezier(0.9, 0, 0.3, 0.7)","EASE_OUT":"cubic-bezier(0.215, 0.61, 0.355, 1)","EASE_IN":"cubic-bezier(0.55, 0.055, 0.675, 0.19)","EASE_IN_OUT":"cubic-bezier(0.645, 0.045, 0.355, 1)","EASE_OUT_BACK":"cubic-bezier(0.12, 0.4, 0.29, 1.46)","EASE_IN_BACK":"cubic-bezier(0.71, -0.46, 0.88, 0.6)","EASE_IN_OUT_BACK":"cubic-bezier(0.71, -0.46, 0.29, 1.46)","EASE_OUT_CIRC":"cubic-bezier(0.08, 0.82, 0.17, 1)","EASE_IN_CIRC":"cubic-bezier(0.6, 0.04, 0.98, 0.34)","EASE_IN_OUT_CIRC":"cubic-bezier(0.78, 0.14, 0.15, 0.86)","EASE_OUT_QUINT":"cubic-bezier(0.23, 1, 0.32, 1)","EASE_IN_QUINT":"cubic-bezier(0.755, 0.05, 0.855, 0.06)","EASE_IN_OUT_QUINT":"cubic-bezier(0.86, 0, 0.07, 1)"}},"collapseMotion":{"__symbolic":"call","expression":{"__symbolic":"reference","module":"@angular/animations","name":"trigger","line":8,"character":56},"arguments":["collapseMotion",[{"__symbolic":"call","expression":{"__symbolic":"reference","module":"@angular/animations","name":"state","line":9,"character":2},"arguments":["expanded",{"__symbolic":"call","expression":{"__symbolic":"reference","module":"@angular/animations","name":"style","line":9,"character":20},"arguments":[{"height":"*"}]}]},{"__symbolic":"call","expression":{"__symbolic":"reference","module":"@angular/animations","name":"state","line":10,"character":2},"arguments":["collapsed",{"__symbolic":"call","expression":{"__symbolic":"reference","module":"@angular/animations","name":"style","line":10,"character":21},"arguments":[{"height":0,"overflow":"hidden"}]}]},{"__symbolic":"call","expression":{"__symbolic":"reference","module":"@angular/animations","name":"state","line":11,"character":2},"arguments":["hidden",{"__symbolic":"call","expression":{"__symbolic":"reference","module":"@angular/animations","name":"style","line":11,"character":18},"arguments":[{"height":0,"overflow":"hidden","borderTopWidth":"0"}]}]},{"__symbolic":"call","expression":{"__symbolic":"reference","module":"@angular/animations","name":"transition","line":12,"character":2},"arguments":["expanded => collapsed",{"__symbolic":"call","expression":{"__symbolic":"reference","module":"@angular/animations","name":"animate","line":12,"character":38},"arguments":[{"__symbolic":"binop","operator":"+","left":"150ms ","right":{"__symbolic":"select","expression":{"__symbolic":"reference","name":"AnimationCurves"},"member":"EASE_IN_OUT"}}]}]},{"__symbolic":"call","expression":{"__symbolic":"reference","module":"@angular/animations","name":"transition","line":13,"character":2},"arguments":["expanded => hidden",{"__symbolic":"call","expression":{"__symbolic":"reference","module":"@angular/animations","name":"animate","line":13,"character":35},"arguments":[{"__symbolic":"binop","operator":"+","left":"150ms ","right":{"__symbolic":"select","expression":{"__symbolic":"reference","name":"AnimationCurves"},"member":"EASE_IN_OUT"}}]}]},{"__symbolic":"call","expression":{"__symbolic":"reference","module":"@angular/animations","name":"transition","line":14,"character":2},"arguments":["collapsed => expanded",{"__symbolic":"call","expression":{"__symbolic":"reference","module":"@angular/animations","name":"animate","line":14,"character":38},"arguments":[{"__symbolic":"binop","operator":"+","left":"150ms ","right":{"__symbolic":"select","expression":{"__symbolic":"reference","name":"AnimationCurves"},"member":"EASE_IN_OUT"}}]}]},{"__symbolic":"call","expression":{"__symbolic":"reference","module":"@angular/animations","name":"transition","line":15,"character":2},"arguments":["hidden => expanded",{"__symbolic":"call","expression":{"__symbolic":"reference","module":"@angular/animations","name":"animate","line":15,"character":35},"arguments":[{"__symbolic":"binop","operator":"+","left":"150ms ","right":{"__symbolic":"select","expression":{"__symbolic":"reference","name":"AnimationCurves"},"member":"EASE_IN_OUT"}}]}]}]]},"treeCollapseMotion":{"__symbolic":"call","expression":{"__symbolic":"reference","module":"@angular/animations","name":"trigger","line":18,"character":60},"arguments":["treeCollapseMotion",[{"__symbolic":"call","expression":{"__symbolic":"reference","module":"@angular/animations","name":"transition","line":19,"character":2},"arguments":["* => *",[{"__symbolic":"call","expression":{"__symbolic":"reference","module":"@angular/animations","name":"query","line":20,"character":4},"arguments":["nz-tree-node:leave",[{"__symbolic":"call","expression":{"__symbolic":"reference","module":"@angular/animations","name":"style","line":22,"character":7},"arguments":[{"overflow":"hidden"}]},{"__symbolic":"call","expression":{"__symbolic":"reference","module":"@angular/animations","name":"stagger","line":22,"character":38},"arguments":[0,[{"__symbolic":"call","expression":{"__symbolic":"reference","module":"@angular/animations","name":"animate","line":22,"character":50},"arguments":[{"__symbolic":"binop","operator":"+","left":"150ms ","right":{"__symbolic":"select","expression":{"__symbolic":"reference","name":"AnimationCurves"},"member":"EASE_IN_OUT"}},{"__symbolic":"call","expression":{"__symbolic":"reference","module":"@angular/animations","name":"style","line":22,"character":98},"arguments":[{"height":0}]}]}]]}],{"optional":true}]},{"__symbolic":"call","expression":{"__symbolic":"reference","module":"@angular/animations","name":"query","line":27,"character":4},"arguments":["nz-tree-node:enter",[{"__symbolic":"call","expression":{"__symbolic":"reference","module":"@angular/animations","name":"style","line":30,"character":8},"arguments":[{"overflow":"hidden","height":0}]},{"__symbolic":"call","expression":{"__symbolic":"reference","module":"@angular/animations","name":"stagger","line":31,"character":8},"arguments":[0,[{"__symbolic":"call","expression":{"__symbolic":"reference","module":"@angular/animations","name":"animate","line":31,"character":20},"arguments":[{"__symbolic":"binop","operator":"+","left":"150ms ","right":{"__symbolic":"select","expression":{"__symbolic":"reference","name":"AnimationCurves"},"member":"EASE_IN_OUT"}},{"__symbolic":"call","expression":{"__symbolic":"reference","module":"@angular/animations","name":"style","line":31,"character":68},"arguments":[{"overflow":"hidden","height":"*"}]}]}]]}],{"optional":true}]}]]}]]},"fadeMotion":{"__symbolic":"call","expression":{"__symbolic":"reference","module":"@angular/animations","name":"trigger","line":8,"character":52},"arguments":["fadeMotion",[{"__symbolic":"call","expression":{"__symbolic":"reference","module":"@angular/animations","name":"transition","line":9,"character":2},"arguments":[":enter",[{"__symbolic":"call","expression":{"__symbolic":"reference","module":"@angular/animations","name":"style","line":9,"character":24},"arguments":[{"opacity":0}]},{"__symbolic":"call","expression":{"__symbolic":"reference","module":"@angular/animations","name":"animate","line":9,"character":47},"arguments":[{"__symbolic":"select","expression":{"__symbolic":"reference","name":"AnimationDuration"},"member":"BASE"},{"__symbolic":"call","expression":{"__symbolic":"reference","module":"@angular/animations","name":"style","line":9,"character":84},"arguments":[{"opacity":1}]}]}]]},{"__symbolic":"call","expression":{"__symbolic":"reference","module":"@angular/animations","name":"transition","line":10,"character":2},"arguments":[":leave",[{"__symbolic":"call","expression":{"__symbolic":"reference","module":"@angular/animations","name":"style","line":10,"character":24},"arguments":[{"opacity":1}]},{"__symbolic":"call","expression":{"__symbolic":"reference","module":"@angular/animations","name":"animate","line":10,"character":47},"arguments":[{"__symbolic":"select","expression":{"__symbolic":"reference","name":"AnimationDuration"},"member":"BASE"},{"__symbolic":"call","expression":{"__symbolic":"reference","module":"@angular/animations","name":"style","line":10,"character":84},"arguments":[{"opacity":0}]}]}]]}]]},"helpMotion":{"__symbolic":"call","expression":{"__symbolic":"reference","module":"@angular/animations","name":"trigger","line":8,"character":52},"arguments":["helpMotion",[{"__symbolic":"call","expression":{"__symbolic":"reference","module":"@angular/animations","name":"transition","line":9,"character":2},"arguments":[":enter",[{"__symbolic":"call","expression":{"__symbolic":"reference","module":"@angular/animations","name":"style","line":10,"character":4},"arguments":[{"opacity":0,"transform":"translateY(-5px)"}]},{"__symbolic":"call","expression":{"__symbolic":"reference","module":"@angular/animations","name":"animate","line":14,"character":4},"arguments":[{"__symbolic":"binop","operator":"+","left":{"__symbolic":"binop","operator":"+","left":{"__symbolic":"select","expression":{"__symbolic":"reference","name":"AnimationDuration"},"member":"SLOW"},"right":" "},"right":{"__symbolic":"select","expression":{"__symbolic":"reference","name":"AnimationCurves"},"member":"EASE_IN_OUT"}},{"__symbolic":"call","expression":{"__symbolic":"reference","module":"@angular/animations","name":"style","line":16,"character":6},"arguments":[{"opacity":1,"transform":"translateY(0)"}]}]}]]},{"__symbolic":"call","expression":{"__symbolic":"reference","module":"@angular/animations","name":"transition","line":22,"character":2},"arguments":[":leave",[{"__symbolic":"call","expression":{"__symbolic":"reference","module":"@angular/animations","name":"style","line":23,"character":4},"arguments":[{"opacity":1,"transform":"translateY(0)"}]},{"__symbolic":"call","expression":{"__symbolic":"reference","module":"@angular/animations","name":"animate","line":27,"character":4},"arguments":[{"__symbolic":"binop","operator":"+","left":{"__symbolic":"binop","operator":"+","left":{"__symbolic":"select","expression":{"__symbolic":"reference","name":"AnimationDuration"},"member":"SLOW"},"right":" "},"right":{"__symbolic":"select","expression":{"__symbolic":"reference","name":"AnimationCurves"},"member":"EASE_IN_OUT"}},{"__symbolic":"call","expression":{"__symbolic":"reference","module":"@angular/animations","name":"style","line":29,"character":6},"arguments":[{"opacity":0,"transform":"translateY(-5px)"}]}]}]]}]]},"moveUpMotion":{"__symbolic":"call","expression":{"__symbolic":"reference","module":"@angular/animations","name":"trigger","line":8,"character":54},"arguments":["moveUpMotion",[{"__symbolic":"call","expression":{"__symbolic":"reference","module":"@angular/animations","name":"transition","line":9,"character":2},"arguments":["* => enter",[{"__symbolic":"call","expression":{"__symbolic":"reference","module":"@angular/animations","name":"style","line":10,"character":4},"arguments":[{"transformOrigin":"0 0","transform":"translateY(-100%)","opacity":0}]},{"__symbolic":"call","expression":{"__symbolic":"reference","module":"@angular/animations","name":"animate","line":15,"character":4},"arguments":[{"__symbolic":"select","expression":{"__symbolic":"reference","name":"AnimationDuration"},"member":"BASE"},{"__symbolic":"call","expression":{"__symbolic":"reference","module":"@angular/animations","name":"style","line":17,"character":6},"arguments":[{"transformOrigin":"0 0","transform":"translateY(0%)","opacity":1}]}]}]]},{"__symbolic":"call","expression":{"__symbolic":"reference","module":"@angular/animations","name":"transition","line":24,"character":2},"arguments":["* => leave",[{"__symbolic":"call","expression":{"__symbolic":"reference","module":"@angular/animations","name":"style","line":25,"character":4},"arguments":[{"transformOrigin":"0 0","transform":"translateY(0%)","opacity":1}]},{"__symbolic":"call","expression":{"__symbolic":"reference","module":"@angular/animations","name":"animate","line":30,"character":4},"arguments":[{"__symbolic":"select","expression":{"__symbolic":"reference","name":"AnimationDuration"},"member":"BASE"},{"__symbolic":"call","expression":{"__symbolic":"reference","module":"@angular/animations","name":"style","line":32,"character":6},"arguments":[{"transformOrigin":"0 0","transform":"translateY(-100%)","opacity":0}]}]}]]}]]},"notificationMotion":{"__symbolic":"call","expression":{"__symbolic":"reference","module":"@angular/animations","name":"trigger","line":7,"character":60},"arguments":["notificationMotion",[{"__symbolic":"call","expression":{"__symbolic":"reference","module":"@angular/animations","name":"state","line":8,"character":2},"arguments":["enterRight",{"__symbolic":"call","expression":{"__symbolic":"reference","module":"@angular/animations","name":"style","line":8,"character":22},"arguments":[{"opacity":1,"transform":"translateX(0)"}]}]},{"__symbolic":"call","expression":{"__symbolic":"reference","module":"@angular/animations","name":"transition","line":9,"character":2},"arguments":["* => enterRight",[{"__symbolic":"call","expression":{"__symbolic":"reference","module":"@angular/animations","name":"style","line":9,"character":33},"arguments":[{"opacity":0,"transform":"translateX(5%)"}]},{"__symbolic":"call","expression":{"__symbolic":"reference","module":"@angular/animations","name":"animate","line":9,"character":85},"arguments":["100ms linear"]}]]},{"__symbolic":"call","expression":{"__symbolic":"reference","module":"@angular/animations","name":"state","line":10,"character":2},"arguments":["enterLeft",{"__symbolic":"call","expression":{"__symbolic":"reference","module":"@angular/animations","name":"style","line":10,"character":21},"arguments":[{"opacity":1,"transform":"translateX(0)"}]}]},{"__symbolic":"call","expression":{"__symbolic":"reference","module":"@angular/animations","name":"transition","line":11,"character":2},"arguments":["* => enterLeft",[{"__symbolic":"call","expression":{"__symbolic":"reference","module":"@angular/animations","name":"style","line":11,"character":32},"arguments":[{"opacity":0,"transform":"translateX(-5%)"}]},{"__symbolic":"call","expression":{"__symbolic":"reference","module":"@angular/animations","name":"animate","line":11,"character":85},"arguments":["100ms linear"]}]]},{"__symbolic":"call","expression":{"__symbolic":"reference","module":"@angular/animations","name":"state","line":12,"character":2},"arguments":["leave",{"__symbolic":"call","expression":{"__symbolic":"reference","module":"@angular/animations","name":"style","line":14,"character":4},"arguments":[{"opacity":0,"transform":"scaleY(0.8)","transformOrigin":"0% 0%"}]}]},{"__symbolic":"call","expression":{"__symbolic":"reference","module":"@angular/animations","name":"transition","line":20,"character":2},"arguments":["* => leave",[{"__symbolic":"call","expression":{"__symbolic":"reference","module":"@angular/animations","name":"style","line":21,"character":4},"arguments":[{"opacity":1,"transform":"scaleY(1)","transformOrigin":"0% 0%"}]},{"__symbolic":"call","expression":{"__symbolic":"reference","module":"@angular/animations","name":"animate","line":26,"character":4},"arguments":["100ms linear"]}]]}]]},"slideMotion":{"__symbolic":"call","expression":{"__symbolic":"reference","module":"@angular/animations","name":"trigger","line":11,"character":53},"arguments":["slideMotion",[{"__symbolic":"call","expression":{"__symbolic":"reference","module":"@angular/animations","name":"state","line":12,"character":2},"arguments":["bottom",{"__symbolic":"call","expression":{"__symbolic":"reference","module":"@angular/animations","name":"style","line":14,"character":4},"arguments":[{"opacity":1,"transform":"scaleY(1)","transformOrigin":"0% 0%"}]}]},{"__symbolic":"call","expression":{"__symbolic":"reference","module":"@angular/animations","name":"state","line":20,"character":2},"arguments":["top",{"__symbolic":"call","expression":{"__symbolic":"reference","module":"@angular/animations","name":"style","line":22,"character":4},"arguments":[{"opacity":1,"transform":"scaleY(1)","transformOrigin":"0% 100%"}]}]},{"__symbolic":"call","expression":{"__symbolic":"reference","module":"@angular/animations","name":"transition","line":28,"character":2},"arguments":["void => bottom",[{"__symbolic":"call","expression":{"__symbolic":"reference","module":"@angular/animations","name":"style","line":29,"character":4},"arguments":[{"opacity":0,"transform":"scaleY(0.8)","transformOrigin":"0% 0%"}]},{"__symbolic":"call","expression":{"__symbolic":"reference","module":"@angular/animations","name":"animate","line":34,"character":4},"arguments":[{"__symbolic":"binop","operator":"+","left":{"__symbolic":"binop","operator":"+","left":{"__symbolic":"select","expression":{"__symbolic":"reference","name":"AnimationDuration"},"member":"BASE"},"right":" "},"right":{"__symbolic":"select","expression":{"__symbolic":"reference","name":"AnimationCurves"},"member":"EASE_OUT_QUINT"}}]}]]},{"__symbolic":"call","expression":{"__symbolic":"reference","module":"@angular/animations","name":"transition","line":36,"character":2},"arguments":["bottom => void",[{"__symbolic":"call","expression":{"__symbolic":"reference","module":"@angular/animations","name":"animate","line":37,"character":4},"arguments":[{"__symbolic":"binop","operator":"+","left":{"__symbolic":"binop","operator":"+","left":{"__symbolic":"select","expression":{"__symbolic":"reference","name":"AnimationDuration"},"member":"BASE"},"right":" "},"right":{"__symbolic":"select","expression":{"__symbolic":"reference","name":"AnimationCurves"},"member":"EASE_IN_QUINT"}},{"__symbolic":"call","expression":{"__symbolic":"reference","module":"@angular/animations","name":"style","line":39,"character":6},"arguments":[{"opacity":0,"transform":"scaleY(0.8)","transformOrigin":"0% 0%"}]}]}]]},{"__symbolic":"call","expression":{"__symbolic":"reference","module":"@angular/animations","name":"transition","line":46,"character":2},"arguments":["void => top",[{"__symbolic":"call","expression":{"__symbolic":"reference","module":"@angular/animations","name":"style","line":47,"character":4},"arguments":[{"opacity":0,"transform":"scaleY(0.8)","transformOrigin":"0% 100%"}]},{"__symbolic":"call","expression":{"__symbolic":"reference","module":"@angular/animations","name":"animate","line":52,"character":4},"arguments":[{"__symbolic":"binop","operator":"+","left":{"__symbolic":"binop","operator":"+","left":{"__symbolic":"select","expression":{"__symbolic":"reference","name":"AnimationDuration"},"member":"BASE"},"right":" "},"right":{"__symbolic":"select","expression":{"__symbolic":"reference","name":"AnimationCurves"},"member":"EASE_OUT_QUINT"}}]}]]},{"__symbolic":"call","expression":{"__symbolic":"reference","module":"@angular/animations","name":"transition","line":54,"character":2},"arguments":["top => void",[{"__symbolic":"call","expression":{"__symbolic":"reference","module":"@angular/animations","name":"animate","line":55,"character":4},"arguments":[{"__symbolic":"binop","operator":"+","left":{"__symbolic":"binop","operator":"+","left":{"__symbolic":"select","expression":{"__symbolic":"reference","name":"AnimationDuration"},"member":"BASE"},"right":" "},"right":{"__symbolic":"select","expression":{"__symbolic":"reference","name":"AnimationCurves"},"member":"EASE_IN_QUINT"}},{"__symbolic":"call","expression":{"__symbolic":"reference","module":"@angular/animations","name":"style","line":57,"character":6},"arguments":[{"opacity":0,"transform":"scaleY(0.8)","transformOrigin":"0% 100%"}]}]}]]}]]},"slideAlertMotion":{"__symbolic":"call","expression":{"__symbolic":"reference","module":"@angular/animations","name":"trigger","line":66,"character":58},"arguments":["slideAlertMotion",[{"__symbolic":"call","expression":{"__symbolic":"reference","module":"@angular/animations","name":"transition","line":67,"character":2},"arguments":[":leave",[{"__symbolic":"call","expression":{"__symbolic":"reference","module":"@angular/animations","name":"style","line":68,"character":4},"arguments":[{"opacity":1,"transform":"scaleY(1)","transformOrigin":"0% 0%"}]},{"__symbolic":"call","expression":{"__symbolic":"reference","module":"@angular/animations","name":"animate","line":69,"character":4},"arguments":[{"__symbolic":"binop","operator":"+","left":{"__symbolic":"binop","operator":"+","left":{"__symbolic":"select","expression":{"__symbolic":"reference","name":"AnimationDuration"},"member":"SLOW"},"right":" "},"right":{"__symbolic":"select","expression":{"__symbolic":"reference","name":"AnimationCurves"},"member":"EASE_IN_OUT_CIRC"}},{"__symbolic":"call","expression":{"__symbolic":"reference","module":"@angular/animations","name":"style","line":71,"character":6},"arguments":[{"opacity":0,"transform":"scaleY(0)","transformOrigin":"0% 0%"}]}]}]]}]]},"zoomMotion":{"__symbolic":"call","expression":{"__symbolic":"reference","module":"@angular/animations","name":"trigger","line":8,"character":52},"arguments":["zoomMotion",[{"__symbolic":"call","expression":{"__symbolic":"reference","module":"@angular/animations","name":"transition","line":9,"character":2},"arguments":[":enter",[{"__symbolic":"call","expression":{"__symbolic":"reference","module":"@angular/animations","name":"style","line":10,"character":4},"arguments":[{"opacity":0,"transform":"scale(0.2)"}]},{"__symbolic":"call","expression":{"__symbolic":"reference","module":"@angular/animations","name":"animate","line":11,"character":4},"arguments":[{"__symbolic":"binop","operator":"+","left":{"__symbolic":"binop","operator":"+","left":{"__symbolic":"select","expression":{"__symbolic":"reference","name":"AnimationDuration"},"member":"BASE"},"right":" "},"right":{"__symbolic":"select","expression":{"__symbolic":"reference","name":"AnimationCurves"},"member":"EASE_OUT_CIRC"}},{"__symbolic":"call","expression":{"__symbolic":"reference","module":"@angular/animations","name":"style","line":13,"character":6},"arguments":[{"opacity":1,"transform":"scale(1)"}]}]}]]},{"__symbolic":"call","expression":{"__symbolic":"reference","module":"@angular/animations","name":"transition","line":19,"character":2},"arguments":[":leave",[{"__symbolic":"call","expression":{"__symbolic":"reference","module":"@angular/animations","name":"style","line":20,"character":4},"arguments":[{"opacity":1,"transform":"scale(1)"}]},{"__symbolic":"call","expression":{"__symbolic":"reference","module":"@angular/animations","name":"animate","line":21,"character":4},"arguments":[{"__symbolic":"binop","operator":"+","left":{"__symbolic":"binop","operator":"+","left":{"__symbolic":"select","expression":{"__symbolic":"reference","name":"AnimationDuration"},"member":"BASE"},"right":" "},"right":{"__symbolic":"select","expression":{"__symbolic":"reference","name":"AnimationCurves"},"member":"EASE_IN_OUT_CIRC"}},{"__symbolic":"call","expression":{"__symbolic":"reference","module":"@angular/animations","name":"style","line":23,"character":6},"arguments":[{"opacity":0,"transform":"scale(0.2)"}]}]}]]}]]},"zoomBigMotion":{"__symbolic":"call","expression":{"__symbolic":"reference","module":"@angular/animations","name":"trigger","line":30,"character":55},"arguments":["zoomBigMotion",[{"__symbolic":"call","expression":{"__symbolic":"reference","module":"@angular/animations","name":"transition","line":31,"character":2},"arguments":["void => active",[{"__symbolic":"call","expression":{"__symbolic":"reference","module":"@angular/animations","name":"style","line":32,"character":4},"arguments":[{"opacity":0,"transform":"scale(0.8)"}]},{"__symbolic":"call","expression":{"__symbolic":"reference","module":"@angular/animations","name":"animate","line":33,"character":4},"arguments":[{"__symbolic":"binop","operator":"+","left":{"__symbolic":"binop","operator":"+","left":{"__symbolic":"select","expression":{"__symbolic":"reference","name":"AnimationDuration"},"member":"BASE"},"right":" "},"right":{"__symbolic":"select","expression":{"__symbolic":"reference","name":"AnimationCurves"},"member":"EASE_OUT_CIRC"}},{"__symbolic":"call","expression":{"__symbolic":"reference","module":"@angular/animations","name":"style","line":35,"character":6},"arguments":[{"opacity":1,"transform":"scale(1)"}]}]}]]},{"__symbolic":"call","expression":{"__symbolic":"reference","module":"@angular/animations","name":"transition","line":41,"character":2},"arguments":["active => void",[{"__symbolic":"call","expression":{"__symbolic":"reference","module":"@angular/animations","name":"style","line":42,"character":4},"arguments":[{"opacity":1,"transform":"scale(1)"}]},{"__symbolic":"call","expression":{"__symbolic":"reference","module":"@angular/animations","name":"animate","line":43,"character":4},"arguments":[{"__symbolic":"binop","operator":"+","left":{"__symbolic":"binop","operator":"+","left":{"__symbolic":"select","expression":{"__symbolic":"reference","name":"AnimationDuration"},"member":"BASE"},"right":" "},"right":{"__symbolic":"select","expression":{"__symbolic":"reference","name":"AnimationCurves"},"member":"EASE_IN_OUT_CIRC"}},{"__symbolic":"call","expression":{"__symbolic":"reference","module":"@angular/animations","name":"style","line":45,"character":6},"arguments":[{"opacity":0,"transform":"scale(0.8)"}]}]}]]}]]},"zoomBadgeMotion":{"__symbolic":"call","expression":{"__symbolic":"reference","module":"@angular/animations","name":"trigger","line":52,"character":57},"arguments":["zoomBadgeMotion",[{"__symbolic":"call","expression":{"__symbolic":"reference","module":"@angular/animations","name":"transition","line":53,"character":2},"arguments":[":enter",[{"__symbolic":"call","expression":{"__symbolic":"reference","module":"@angular/animations","name":"style","line":54,"character":4},"arguments":[{"opacity":0,"transform":"scale(0) translate(50%, -50%)"}]},{"__symbolic":"call","expression":{"__symbolic":"reference","module":"@angular/animations","name":"animate","line":55,"character":4},"arguments":[{"__symbolic":"binop","operator":"+","left":{"__symbolic":"binop","operator":"+","left":{"__symbolic":"select","expression":{"__symbolic":"reference","name":"AnimationDuration"},"member":"SLOW"},"right":" "},"right":{"__symbolic":"select","expression":{"__symbolic":"reference","name":"AnimationCurves"},"member":"EASE_OUT_BACK"}},{"__symbolic":"call","expression":{"__symbolic":"reference","module":"@angular/animations","name":"style","line":57,"character":6},"arguments":[{"opacity":1,"transform":"scale(1) translate(50%, -50%)"}]}]}]]},{"__symbolic":"call","expression":{"__symbolic":"reference","module":"@angular/animations","name":"transition","line":63,"character":2},"arguments":[":leave",[{"__symbolic":"call","expression":{"__symbolic":"reference","module":"@angular/animations","name":"style","line":64,"character":4},"arguments":[{"opacity":1,"transform":"scale(1) translate(50%, -50%)"}]},{"__symbolic":"call","expression":{"__symbolic":"reference","module":"@angular/animations","name":"animate","line":65,"character":4},"arguments":[{"__symbolic":"binop","operator":"+","left":{"__symbolic":"binop","operator":"+","left":{"__symbolic":"select","expression":{"__symbolic":"reference","name":"AnimationDuration"},"member":"SLOW"},"right":" "},"right":{"__symbolic":"select","expression":{"__symbolic":"reference","name":"AnimationCurves"},"member":"EASE_IN_BACK"}},{"__symbolic":"call","expression":{"__symbolic":"reference","module":"@angular/animations","name":"style","line":67,"character":6},"arguments":[{"opacity":0,"transform":"scale(0) translate(50%, -50%)"}]}]}]]}]]}},"origins":{"AnimationDuration":"./animation-consts","AnimationCurves":"./animation-consts","collapseMotion":"./collapse","treeCollapseMotion":"./collapse","fadeMotion":"./fade","helpMotion":"./help","moveUpMotion":"./move","notificationMotion":"./notification","slideMotion":"./slide","slideAlertMotion":"./slide","zoomMotion":"./zoom","zoomBigMotion":"./zoom","zoomBadgeMotion":"./zoom"},"importAs":"ng-zorro-antd/core/animation"}