{"__symbolic":"module","version":4,"metadata":{"NzOutletModule":{"__symbolic":"class","decorators":[{"__symbolic":"call","expression":{"__symbolic":"reference","module":"@angular/core","name":"NgModule","line":9,"character":1},"arguments":[{"imports":[{"__symbolic":"reference","module":"@angular/common","name":"CommonModule","line":10,"character":12}],"exports":[{"__symbolic":"reference","name":"NzStringTemplateOutletDirective"}],"declarations":[{"__symbolic":"reference","name":"NzStringTemplateOutletDirective"}]}]}],"members":{}},"NzStringTemplateOutletDirective":{"__symbolic":"class","arity":1,"decorators":[{"__symbolic":"call","expression":{"__symbolic":"reference","module":"@angular/core","name":"Directive","line":8,"character":1},"arguments":[{"selector":"[nzStringTemplateOutlet]","exportAs":"nzStringTemplateOutlet"}]}],"members":{"nzStringTemplateOutletContext":[{"__symbolic":"property","decorators":[{"__symbolic":"call","expression":{"__symbolic":"reference","module":"@angular/core","name":"Input","line":15,"character":3}}]}],"nzStringTemplateOutlet":[{"__symbolic":"property","decorators":[{"__symbolic":"call","expression":{"__symbolic":"reference","module":"@angular/core","name":"Input","line":16,"character":3}}]}],"recreateView":[{"__symbolic":"method"}],"updateContext":[{"__symbolic":"method"}],"__ctor__":[{"__symbolic":"constructor","parameters":[{"__symbolic":"reference","module":"@angular/core","name":"ViewContainerRef","line":43,"character":37},{"__symbolic":"reference","name":"TemplateRef","module":"@angular/core","arguments":[{"__symbolic":"reference","module":"ng-zorro-antd/core/types","name":"NzSafeAny","line":43,"character":88}]}]}],"ngOnChanges":[{"__symbolic":"method"}]},"statics":{"ngTemplateContextGuard":{"__symbolic":"function","parameters":["_dir","_ctx"],"value":true}}}},"origins":{"NzOutletModule":"./outlet.module","NzStringTemplateOutletDirective":"./string_template_outlet.directive"},"importAs":"ng-zorro-antd/core/outlet"}