{"__symbolic":"module","version":4,"metadata":{"NzInputNumberComponent":{"__symbolic":"class","decorators":[{"__symbolic":"call","expression":{"__symbolic":"reference","module":"@angular/core","name":"Component","line":29,"character":1},"arguments":[{"selector":"nz-input-number","exportAs":"nzInputNumber","template":"\n    <div class=\"ant-input-number-handler-wrap\">\n      <span\n        unselectable=\"unselectable\"\n        class=\"ant-input-number-handler ant-input-number-handler-up\"\n        (mousedown)=\"up($event)\"\n        (mouseup)=\"stop()\"\n        (mouseleave)=\"stop()\"\n        [class.ant-input-number-handler-up-disabled]=\"disabledUp\"\n      >\n        <i nz-icon nzType=\"up\" class=\"ant-input-number-handler-up-inner\"></i>\n      </span>\n      <span\n        unselectable=\"unselectable\"\n        class=\"ant-input-number-handler ant-input-number-handler-down\"\n        (mousedown)=\"down($event)\"\n        (mouseup)=\"stop()\"\n        (mouseleave)=\"stop()\"\n        [class.ant-input-number-handler-down-disabled]=\"disabledDown\"\n      >\n        <i nz-icon nzType=\"down\" class=\"ant-input-number-handler-down-inner\"></i>\n      </span>\n    </div>\n    <div class=\"ant-input-number-input-wrap\">\n      <input\n        #inputElement\n        autocomplete=\"off\"\n        class=\"ant-input-number-input\"\n        [attr.id]=\"nzId\"\n        [attr.autofocus]=\"nzAutoFocus ? 'autofocus' : null\"\n        [disabled]=\"nzDisabled\"\n        [attr.min]=\"nzMin\"\n        [attr.max]=\"nzMax\"\n        [placeholder]=\"nzPlaceHolder\"\n        [attr.step]=\"nzStep\"\n        (keydown)=\"onKeyDown($event)\"\n        (keyup)=\"stop()\"\n        [ngModel]=\"displayValue\"\n        (ngModelChange)=\"onModelChange($event)\"\n      />\n    </div>\n  ","providers":[{"provide":{"__symbolic":"reference","module":"@angular/forms","name":"NG_VALUE_ACCESSOR","line":76,"character":15},"useExisting":{"__symbolic":"reference","name":"NzInputNumberComponent"},"multi":true}],"changeDetection":{"__symbolic":"select","expression":{"__symbolic":"reference","module":"@angular/core","name":"ChangeDetectionStrategy","line":81,"character":19},"member":"OnPush"},"encapsulation":{"__symbolic":"select","expression":{"__symbolic":"reference","module":"@angular/core","name":"ViewEncapsulation","line":82,"character":17},"member":"None"},"host":{"[class.ant-input-number]":"true","[class.ant-input-number-focused]":"isFocused","[class.ant-input-number-lg]":"nzSize === 'large'","[class.ant-input-number-sm]":"nzSize === 'small'","[class.ant-input-number-disabled]":"nzDisabled","$quoted$":["[class.ant-input-number]","[class.ant-input-number-focused]","[class.ant-input-number-lg]","[class.ant-input-number-sm]","[class.ant-input-number-disabled]"]}}]}],"members":{"nzBlur":[{"__symbolic":"property","decorators":[{"__symbolic":"call","expression":{"__symbolic":"reference","module":"@angular/core","name":"Output","line":104,"character":3}}]}],"nzFocus":[{"__symbolic":"property","decorators":[{"__symbolic":"call","expression":{"__symbolic":"reference","module":"@angular/core","name":"Output","line":105,"character":3}}]}],"inputElement":[{"__symbolic":"property","decorators":[{"__symbolic":"call","expression":{"__symbolic":"reference","module":"@angular/core","name":"ViewChild","line":106,"character":3},"arguments":["inputElement",{"static":true}]}]}],"nzSize":[{"__symbolic":"property","decorators":[{"__symbolic":"call","expression":{"__symbolic":"reference","module":"@angular/core","name":"Input","line":107,"character":3}}]}],"nzMin":[{"__symbolic":"property","decorators":[{"__symbolic":"call","expression":{"__symbolic":"reference","module":"@angular/core","name":"Input","line":108,"character":3}}]}],"nzMax":[{"__symbolic":"property","decorators":[{"__symbolic":"call","expression":{"__symbolic":"reference","module":"@angular/core","name":"Input","line":109,"character":3}}]}],"nzParser":[{"__symbolic":"property","decorators":[{"__symbolic":"call","expression":{"__symbolic":"reference","module":"@angular/core","name":"Input","line":110,"character":3}}]}],"nzPrecision":[{"__symbolic":"property","decorators":[{"__symbolic":"call","expression":{"__symbolic":"reference","module":"@angular/core","name":"Input","line":115,"character":3}}]}],"nzPrecisionMode":[{"__symbolic":"property","decorators":[{"__symbolic":"call","expression":{"__symbolic":"reference","module":"@angular/core","name":"Input","line":116,"character":3}}]}],"nzPlaceHolder":[{"__symbolic":"property","decorators":[{"__symbolic":"call","expression":{"__symbolic":"reference","module":"@angular/core","name":"Input","line":117,"character":3}}]}],"nzStep":[{"__symbolic":"property","decorators":[{"__symbolic":"call","expression":{"__symbolic":"reference","module":"@angular/core","name":"Input","line":118,"character":3}}]}],"nzId":[{"__symbolic":"property","decorators":[{"__symbolic":"call","expression":{"__symbolic":"reference","module":"@angular/core","name":"Input","line":119,"character":3}}]}],"nzDisabled":[{"__symbolic":"property","decorators":[{"__symbolic":"call","expression":{"__symbolic":"reference","module":"@angular/core","name":"Input","line":120,"character":3}},{"__symbolic":"call","expression":{"__symbolic":"reference","module":"ng-zorro-antd/core/util","name":"InputBoolean","line":120,"character":12}}]}],"nzAutoFocus":[{"__symbolic":"property","decorators":[{"__symbolic":"call","expression":{"__symbolic":"reference","module":"@angular/core","name":"Input","line":121,"character":3}},{"__symbolic":"call","expression":{"__symbolic":"reference","module":"ng-zorro-antd/core/util","name":"InputBoolean","line":121,"character":12}}]}],"nzFormatter":[{"__symbolic":"property","decorators":[{"__symbolic":"call","expression":{"__symbolic":"reference","module":"@angular/core","name":"Input","line":122,"character":3}}]}],"onModelChange":[{"__symbolic":"method"}],"getCurrentValidValue":[{"__symbolic":"method"}],"isNotCompleteNumber":[{"__symbolic":"method"}],"getValidValue":[{"__symbolic":"method"}],"toNumber":[{"__symbolic":"method"}],"getRatio":[{"__symbolic":"method"}],"down":[{"__symbolic":"method"}],"up":[{"__symbolic":"method"}],"getPrecision":[{"__symbolic":"method"}],"getMaxPrecision":[{"__symbolic":"method"}],"getPrecisionFactor":[{"__symbolic":"method"}],"upStep":[{"__symbolic":"method"}],"downStep":[{"__symbolic":"method"}],"step":[{"__symbolic":"method"}],"stop":[{"__symbolic":"method"}],"setValue":[{"__symbolic":"method"}],"updateDisplayValue":[{"__symbolic":"method"}],"onKeyDown":[{"__symbolic":"method"}],"writeValue":[{"__symbolic":"method"}],"registerOnChange":[{"__symbolic":"method"}],"registerOnTouched":[{"__symbolic":"method"}],"setDisabledState":[{"__symbolic":"method"}],"focus":[{"__symbolic":"method"}],"blur":[{"__symbolic":"method"}],"__ctor__":[{"__symbolic":"constructor","parameters":[{"__symbolic":"reference","module":"@angular/core","name":"ElementRef","line":366,"character":34},{"__symbolic":"reference","module":"@angular/core","name":"ChangeDetectorRef","line":366,"character":59},{"__symbolic":"reference","module":"@angular/cdk/a11y","name":"FocusMonitor","line":366,"character":100}]}],"ngOnInit":[{"__symbolic":"method"}],"ngOnChanges":[{"__symbolic":"method"}],"ngAfterViewInit":[{"__symbolic":"method"}],"ngOnDestroy":[{"__symbolic":"method"}]}},"NzInputNumberModule":{"__symbolic":"class","decorators":[{"__symbolic":"call","expression":{"__symbolic":"reference","module":"@angular/core","name":"NgModule","line":13,"character":1},"arguments":[{"imports":[{"__symbolic":"reference","module":"@angular/common","name":"CommonModule","line":14,"character":12},{"__symbolic":"reference","module":"@angular/forms","name":"FormsModule","line":14,"character":26},{"__symbolic":"reference","module":"ng-zorro-antd/icon","name":"NzIconModule","line":14,"character":39}],"declarations":[{"__symbolic":"reference","name":"NzInputNumberComponent"}],"exports":[{"__symbolic":"reference","name":"NzInputNumberComponent"}]}]}],"members":{}}},"origins":{"NzInputNumberComponent":"./input-number.component","NzInputNumberModule":"./input-number.module"},"importAs":"ng-zorro-antd/input-number"}