{"__symbolic":"module","version":4,"metadata":{"NzWaveRenderer":{"__symbolic":"class","members":{"__ctor__":[{"__symbolic":"constructor","parameters":[{"__symbolic":"error","message":"Could not resolve type","line":19,"character":38,"context":{"typeName":"HTMLElement"},"module":"./nz-wave-renderer"},{"__symbolic":"reference","module":"@angular/core","name":"NgZone","line":19,"character":67},{"__symbolic":"reference","name":"boolean"}]}],"bindTriggerEvent":[{"__symbolic":"method"}],"removeTriggerEvent":[{"__symbolic":"method"}],"removeStyleAndExtraNode":[{"__symbolic":"method"}],"destroy":[{"__symbolic":"method"}],"fadeOutWave":[{"__symbolic":"method"}],"isValidColor":[{"__symbolic":"method"}],"isNotGrey":[{"__symbolic":"method"}],"getWaveColor":[{"__symbolic":"method"}],"runTimeoutOutsideZone":[{"__symbolic":"method"}]}},"NzWaveConfig":{"__symbolic":"interface"},"NZ_WAVE_GLOBAL_DEFAULT_CONFIG":{"disabled":false},"NZ_WAVE_GLOBAL_CONFIG":{"__symbolic":"new","expression":{"__symbolic":"reference","module":"@angular/core","name":"InjectionToken","line":17,"character":41},"arguments":["nz-wave-global-options",{"providedIn":"root","factory":{"__symbolic":"reference","name":"NZ_WAVE_GLOBAL_CONFIG_FACTORY"}}]},"NZ_WAVE_GLOBAL_CONFIG_FACTORY":{"__symbolic":"function","parameters":[],"value":{"__symbolic":"reference","name":"NZ_WAVE_GLOBAL_DEFAULT_CONFIG"}},"NzWaveDirective":{"__symbolic":"class","decorators":[{"__symbolic":"call","expression":{"__symbolic":"reference","module":"@angular/core","name":"Directive","line":26,"character":1},"arguments":[{"selector":"[nz-wave],button[nz-button]:not([nzType=\"link\"])","exportAs":"nzWave"}]}],"members":{"nzWaveExtraNode":[{"__symbolic":"property","decorators":[{"__symbolic":"call","expression":{"__symbolic":"reference","module":"@angular/core","name":"Input","line":31,"character":3}}]}],"__ctor__":[{"__symbolic":"constructor","parameterDecorators":[null,null,[{"__symbolic":"call","expression":{"__symbolic":"reference","module":"@angular/core","name":"Optional","line":47,"character":5}},{"__symbolic":"call","expression":{"__symbolic":"reference","module":"@angular/core","name":"Inject","line":47,"character":17},"arguments":[{"__symbolic":"reference","name":"NZ_WAVE_GLOBAL_CONFIG"}]}],[{"__symbolic":"call","expression":{"__symbolic":"reference","module":"@angular/core","name":"Optional","line":48,"character":5}},{"__symbolic":"call","expression":{"__symbolic":"reference","module":"@angular/core","name":"Inject","line":48,"character":17},"arguments":[{"__symbolic":"reference","module":"@angular/platform-browser/animations","name":"ANIMATION_MODULE_TYPE","line":48,"character":24}]}]],"parameters":[{"__symbolic":"reference","module":"@angular/core","name":"NgZone","line":45,"character":20},{"__symbolic":"reference","module":"@angular/core","name":"ElementRef","line":46,"character":24},{"__symbolic":"reference","name":"any"},{"__symbolic":"reference","name":"string"}]}],"isConfigDisabled":[{"__symbolic":"method"}],"ngOnDestroy":[{"__symbolic":"method"}],"ngOnInit":[{"__symbolic":"method"}],"renderWaveIfEnabled":[{"__symbolic":"method"}],"disable":[{"__symbolic":"method"}],"enable":[{"__symbolic":"method"}]}},"NzWaveModule":{"__symbolic":"class","decorators":[{"__symbolic":"call","expression":{"__symbolic":"reference","module":"@angular/core","name":"NgModule","line":9,"character":1},"arguments":[{"imports":[{"__symbolic":"reference","module":"@angular/cdk/platform","name":"PlatformModule","line":10,"character":12}],"exports":[{"__symbolic":"reference","name":"NzWaveDirective"}],"declarations":[{"__symbolic":"reference","name":"NzWaveDirective"}]}]}],"members":{}}},"origins":{"NzWaveRenderer":"./nz-wave-renderer","NzWaveConfig":"./nz-wave.directive","NZ_WAVE_GLOBAL_DEFAULT_CONFIG":"./nz-wave.directive","NZ_WAVE_GLOBAL_CONFIG":"./nz-wave.directive","NZ_WAVE_GLOBAL_CONFIG_FACTORY":"./nz-wave.directive","NzWaveDirective":"./nz-wave.directive","NzWaveModule":"./nz-wave.module"},"importAs":"ng-zorro-antd/core/wave"}