{"__symbolic":"module","version":4,"metadata":{"NzTimePickerComponent":{"__symbolic":"class","decorators":[{"__symbolic":"call","expression":{"__symbolic":"reference","module":"@angular/core","name":"Component","line":33,"character":1},"arguments":[{"encapsulation":{"__symbolic":"select","expression":{"__symbolic":"reference","module":"@angular/core","name":"ViewEncapsulation","line":34,"character":17},"member":"None"},"changeDetection":{"__symbolic":"select","expression":{"__symbolic":"reference","module":"@angular/core","name":"ChangeDetectionStrategy","line":35,"character":19},"member":"OnPush"},"selector":"nz-time-picker","exportAs":"nzTimePicker","template":"\n    <div class=\"ant-picker-input\">\n      <input\n        #inputElement\n        type=\"text\"\n        [size]=\"inputSize\"\n        [nzTime]=\"nzFormat\"\n        [placeholder]=\"nzPlaceHolder || ('TimePicker.placeholder' | nzI18n)\"\n        [(ngModel)]=\"value\"\n        [disabled]=\"nzDisabled\"\n        (focus)=\"onFocus(true)\"\n        (blur)=\"onFocus(false)\"\n      />\n      <span class=\"ant-picker-suffix\">\n        <ng-container *nzStringTemplateOutlet=\"nzSuffixIcon; let suffixIcon\">\n          <i nz-icon [nzType]=\"suffixIcon\"></i>\n        </ng-container>\n      </span>\n      <span *ngIf=\"nzAllowEmpty && value\" class=\"ant-picker-clear\" (click)=\"onClickClearBtn($event)\">\n        <i nz-icon nzType=\"close-circle\" nzTheme=\"fill\" [attr.aria-label]=\"nzClearText\" [attr.title]=\"nzClearText\"></i>\n      </span>\n    </div>\n\n    <ng-template\n      cdkConnectedOverlay\n      nzConnectedOverlay\n      cdkConnectedOverlayHasBackdrop\n      [cdkConnectedOverlayPositions]=\"overlayPositions\"\n      [cdkConnectedOverlayOrigin]=\"origin\"\n      [cdkConnectedOverlayOpen]=\"nzOpen\"\n      [cdkConnectedOverlayOffsetY]=\"-2\"\n      (detach)=\"close()\"\n      (backdropClick)=\"close()\"\n    >\n      <div [@slideMotion]=\"'bottom'\" class=\"ant-picker-dropdown\">\n        <div class=\"ant-picker-panel-container\">\n          <div tabindex=\"-1\" class=\"ant-picker-panel\">\n            <nz-time-picker-panel\n              [ngClass]=\"nzPopupClassName\"\n              [format]=\"nzFormat\"\n              [nzHourStep]=\"nzHourStep\"\n              [nzMinuteStep]=\"nzMinuteStep\"\n              [nzSecondStep]=\"nzSecondStep\"\n              [nzDisabledHours]=\"nzDisabledHours\"\n              [nzDisabledMinutes]=\"nzDisabledMinutes\"\n              [nzDisabledSeconds]=\"nzDisabledSeconds\"\n              [nzPlaceHolder]=\"nzPlaceHolder || ('TimePicker.placeholder' | nzI18n)\"\n              [nzHideDisabledOptions]=\"nzHideDisabledOptions\"\n              [nzUse12Hours]=\"nzUse12Hours\"\n              [nzDefaultOpenValue]=\"nzDefaultOpenValue\"\n              [nzAddOn]=\"nzAddOn\"\n              [nzClearText]=\"nzClearText\"\n              [nzAllowEmpty]=\"nzAllowEmpty\"\n              [(ngModel)]=\"value\"\n              (ngModelChange)=\"setValue($event)\"\n              (closePanel)=\"close()\"\n            >\n            </nz-time-picker-panel>\n          </div>\n        </div>\n      </div>\n    </ng-template>\n  ","host":{"[class.ant-picker]":"true","[class.ant-picker-large]":"nzSize === 'large'","[class.ant-picker-small]":"nzSize === 'small'","[class.ant-picker-disabled]":"nzDisabled","[class.ant-picker-focused]":"focused","(click)":"open()","$quoted$":["[class.ant-picker]","[class.ant-picker-large]","[class.ant-picker-small]","[class.ant-picker-disabled]","[class.ant-picker-focused]","(click)"]},"animations":[{"__symbolic":"reference","module":"ng-zorro-antd/core/animation","name":"slideMotion","line":109,"character":15}],"providers":[{"provide":{"__symbolic":"reference","module":"@angular/forms","name":"NG_VALUE_ACCESSOR","line":110,"character":25},"useExisting":{"__symbolic":"reference","name":"NzTimePickerComponent"},"multi":true}]}]}],"members":{"inputRef":[{"__symbolic":"property","decorators":[{"__symbolic":"call","expression":{"__symbolic":"reference","module":"@angular/core","name":"ViewChild","line":137,"character":3},"arguments":["inputElement",{"static":true}]}]}],"nzSize":[{"__symbolic":"property","decorators":[{"__symbolic":"call","expression":{"__symbolic":"reference","module":"@angular/core","name":"Input","line":138,"character":3}}]}],"nzHourStep":[{"__symbolic":"property","decorators":[{"__symbolic":"call","expression":{"__symbolic":"reference","module":"@angular/core","name":"Input","line":139,"character":3}},{"__symbolic":"call","expression":{"__symbolic":"reference","module":"ng-zorro-antd/core/config","name":"WithConfig","line":139,"character":12},"arguments":["timePicker"]}]}],"nzMinuteStep":[{"__symbolic":"property","decorators":[{"__symbolic":"call","expression":{"__symbolic":"reference","module":"@angular/core","name":"Input","line":140,"character":3}},{"__symbolic":"call","expression":{"__symbolic":"reference","module":"ng-zorro-antd/core/config","name":"WithConfig","line":140,"character":12},"arguments":["timePicker"]}]}],"nzSecondStep":[{"__symbolic":"property","decorators":[{"__symbolic":"call","expression":{"__symbolic":"reference","module":"@angular/core","name":"Input","line":141,"character":3}},{"__symbolic":"call","expression":{"__symbolic":"reference","module":"ng-zorro-antd/core/config","name":"WithConfig","line":141,"character":12},"arguments":["timePicker"]}]}],"nzClearText":[{"__symbolic":"property","decorators":[{"__symbolic":"call","expression":{"__symbolic":"reference","module":"@angular/core","name":"Input","line":142,"character":3}},{"__symbolic":"call","expression":{"__symbolic":"reference","module":"ng-zorro-antd/core/config","name":"WithConfig","line":142,"character":12},"arguments":["timePicker"]}]}],"nzPopupClassName":[{"__symbolic":"property","decorators":[{"__symbolic":"call","expression":{"__symbolic":"reference","module":"@angular/core","name":"Input","line":143,"character":3}},{"__symbolic":"call","expression":{"__symbolic":"reference","module":"ng-zorro-antd/core/config","name":"WithConfig","line":143,"character":12},"arguments":["timePicker"]}]}],"nzPlaceHolder":[{"__symbolic":"property","decorators":[{"__symbolic":"call","expression":{"__symbolic":"reference","module":"@angular/core","name":"Input","line":144,"character":3}}]}],"nzAddOn":[{"__symbolic":"property","decorators":[{"__symbolic":"call","expression":{"__symbolic":"reference","module":"@angular/core","name":"Input","line":145,"character":3}}]}],"nzDefaultOpenValue":[{"__symbolic":"property","decorators":[{"__symbolic":"call","expression":{"__symbolic":"reference","module":"@angular/core","name":"Input","line":146,"character":3}}]}],"nzDisabledHours":[{"__symbolic":"property","decorators":[{"__symbolic":"call","expression":{"__symbolic":"reference","module":"@angular/core","name":"Input","line":147,"character":3}}]}],"nzDisabledMinutes":[{"__symbolic":"property","decorators":[{"__symbolic":"call","expression":{"__symbolic":"reference","module":"@angular/core","name":"Input","line":148,"character":3}}]}],"nzDisabledSeconds":[{"__symbolic":"property","decorators":[{"__symbolic":"call","expression":{"__symbolic":"reference","module":"@angular/core","name":"Input","line":149,"character":3}}]}],"nzFormat":[{"__symbolic":"property","decorators":[{"__symbolic":"call","expression":{"__symbolic":"reference","module":"@angular/core","name":"Input","line":150,"character":3}},{"__symbolic":"call","expression":{"__symbolic":"reference","module":"ng-zorro-antd/core/config","name":"WithConfig","line":150,"character":12},"arguments":["timePicker"]}]}],"nzOpen":[{"__symbolic":"property","decorators":[{"__symbolic":"call","expression":{"__symbolic":"reference","module":"@angular/core","name":"Input","line":151,"character":3}}]}],"nzUse12Hours":[{"__symbolic":"property","decorators":[{"__symbolic":"call","expression":{"__symbolic":"reference","module":"@angular/core","name":"Input","line":152,"character":3}},{"__symbolic":"call","expression":{"__symbolic":"reference","module":"ng-zorro-antd/core/config","name":"WithConfig","line":152,"character":12},"arguments":["timePicker"]},{"__symbolic":"call","expression":{"__symbolic":"reference","module":"ng-zorro-antd/core/util","name":"InputBoolean","line":152,"character":50}}]}],"nzSuffixIcon":[{"__symbolic":"property","decorators":[{"__symbolic":"call","expression":{"__symbolic":"reference","module":"@angular/core","name":"Input","line":153,"character":3}},{"__symbolic":"call","expression":{"__symbolic":"reference","module":"ng-zorro-antd/core/config","name":"WithConfig","line":153,"character":12},"arguments":["timePicker"]}]}],"nzOpenChange":[{"__symbolic":"property","decorators":[{"__symbolic":"call","expression":{"__symbolic":"reference","module":"@angular/core","name":"Output","line":155,"character":3}}]}],"nzHideDisabledOptions":[{"__symbolic":"property","decorators":[{"__symbolic":"call","expression":{"__symbolic":"reference","module":"@angular/core","name":"Input","line":157,"character":3}},{"__symbolic":"call","expression":{"__symbolic":"reference","module":"ng-zorro-antd/core/util","name":"InputBoolean","line":157,"character":12}}]}],"nzAllowEmpty":[{"__symbolic":"property","decorators":[{"__symbolic":"call","expression":{"__symbolic":"reference","module":"@angular/core","name":"Input","line":158,"character":3}},{"__symbolic":"call","expression":{"__symbolic":"reference","module":"ng-zorro-antd/core/config","name":"WithConfig","line":158,"character":12},"arguments":["timePicker"]},{"__symbolic":"call","expression":{"__symbolic":"reference","module":"ng-zorro-antd/core/util","name":"InputBoolean","line":158,"character":50}}]}],"nzDisabled":[{"__symbolic":"property","decorators":[{"__symbolic":"call","expression":{"__symbolic":"reference","module":"@angular/core","name":"Input","line":159,"character":3}},{"__symbolic":"call","expression":{"__symbolic":"reference","module":"ng-zorro-antd/core/util","name":"InputBoolean","line":159,"character":12}}]}],"nzAutoFocus":[{"__symbolic":"property","decorators":[{"__symbolic":"call","expression":{"__symbolic":"reference","module":"@angular/core","name":"Input","line":160,"character":3}},{"__symbolic":"call","expression":{"__symbolic":"reference","module":"ng-zorro-antd/core/util","name":"InputBoolean","line":160,"character":12}}]}],"setValue":[{"__symbolic":"method"}],"open":[{"__symbolic":"method"}],"close":[{"__symbolic":"method"}],"updateAutoFocus":[{"__symbolic":"method"}],"onClickClearBtn":[{"__symbolic":"method"}],"onFocus":[{"__symbolic":"method"}],"focus":[{"__symbolic":"method"}],"blur":[{"__symbolic":"method"}],"__ctor__":[{"__symbolic":"constructor","parameters":[{"__symbolic":"reference","module":"ng-zorro-antd/core/config","name":"NzConfigService","line":219,"character":28},{"__symbolic":"reference","module":"@angular/core","name":"ElementRef","line":220,"character":21},{"__symbolic":"reference","module":"@angular/core","name":"Renderer2","line":221,"character":22},{"__symbolic":"reference","module":"@angular/core","name":"ChangeDetectorRef","line":222,"character":16}]}],"ngOnInit":[{"__symbolic":"method"}],"ngOnChanges":[{"__symbolic":"method"}],"ngAfterViewInit":[{"__symbolic":"method"}],"writeValue":[{"__symbolic":"method"}],"registerOnChange":[{"__symbolic":"method"}],"registerOnTouched":[{"__symbolic":"method"}],"setDisabledState":[{"__symbolic":"method"}]}},"NzTimePickerModule":{"__symbolic":"class","decorators":[{"__symbolic":"call","expression":{"__symbolic":"reference","module":"@angular/core","name":"NgModule","line":19,"character":1},"arguments":[{"declarations":[{"__symbolic":"reference","name":"NzTimePickerComponent"},{"__symbolic":"reference","name":"NzTimePickerPanelComponent"},{"__symbolic":"reference","name":"NzTimeValueAccessorDirective"}],"exports":[{"__symbolic":"reference","name":"NzTimePickerPanelComponent"},{"__symbolic":"reference","name":"NzTimePickerComponent"}],"imports":[{"__symbolic":"reference","module":"@angular/common","name":"CommonModule","line":22,"character":12},{"__symbolic":"reference","module":"@angular/forms","name":"FormsModule","line":22,"character":26},{"__symbolic":"reference","module":"ng-zorro-antd/i18n","name":"NzI18nModule","line":22,"character":39},{"__symbolic":"reference","module":"@angular/cdk/overlay","name":"OverlayModule","line":22,"character":53},{"__symbolic":"reference","module":"ng-zorro-antd/icon","name":"NzIconModule","line":22,"character":68},{"__symbolic":"reference","module":"ng-zorro-antd/core/overlay","name":"NzOverlayModule","line":22,"character":82},{"__symbolic":"reference","module":"ng-zorro-antd/core/outlet","name":"NzOutletModule","line":22,"character":99}]}]}],"members":{}},"NzTimePickerUnit":{"__symbolic":"interface"},"NzTimePickerPanelComponent":{"__symbolic":"class","decorators":[{"__symbolic":"call","expression":{"__symbolic":"reference","module":"@angular/core","name":"Component","line":39,"character":1},"arguments":[{"encapsulation":{"__symbolic":"select","expression":{"__symbolic":"reference","module":"@angular/core","name":"ViewEncapsulation","line":40,"character":17},"member":"None"},"changeDetection":{"__symbolic":"select","expression":{"__symbolic":"reference","module":"@angular/core","name":"ChangeDetectionStrategy","line":41,"character":19},"member":"OnPush"},"selector":"nz-time-picker-panel","exportAs":"nzTimePickerPanel","template":"\n    <div *ngIf=\"nzInDatePicker\" class=\"ant-picker-header\">\n      <div class=\"ant-picker-header-view\">{{ dateHelper.format($any(time?.value), format) || '&nbsp;' }}</div>\n    </div>\n    <div class=\"ant-picker-content\">\n      <ul *ngIf=\"hourEnabled\" #hourListElement class=\"ant-picker-time-panel-column\" style=\"position: relative;\">\n        <ng-container *ngFor=\"let hour of hourRange\">\n          <li\n            *ngIf=\"!(nzHideDisabledOptions && hour.disabled)\"\n            class=\"ant-picker-time-panel-cell\"\n            (click)=\"selectHour(hour)\"\n            [class.ant-picker-time-panel-cell-selected]=\"isSelectedHour(hour)\"\n            [class.ant-picker-time-panel-cell-disabled]=\"hour.disabled\"\n          >\n            <div class=\"ant-picker-time-panel-cell-inner\">{{ hour.index | number: '2.0-0' }}</div>\n          </li>\n        </ng-container>\n      </ul>\n      <ul *ngIf=\"minuteEnabled\" #minuteListElement class=\"ant-picker-time-panel-column\" style=\"position: relative;\">\n        <ng-container *ngFor=\"let minute of minuteRange\">\n          <li\n            *ngIf=\"!(nzHideDisabledOptions && minute.disabled)\"\n            class=\"ant-picker-time-panel-cell\"\n            (click)=\"selectMinute(minute)\"\n            [class.ant-picker-time-panel-cell-selected]=\"isSelectedMinute(minute)\"\n            [class.ant-picker-time-panel-cell-disabled]=\"minute.disabled\"\n          >\n            <div class=\"ant-picker-time-panel-cell-inner\">{{ minute.index | number: '2.0-0' }}</div>\n          </li>\n        </ng-container>\n      </ul>\n      <ul *ngIf=\"secondEnabled\" #secondListElement class=\"ant-picker-time-panel-column\" style=\"position: relative;\">\n        <ng-container *ngFor=\"let second of secondRange\">\n          <li\n            *ngIf=\"!(nzHideDisabledOptions && second.disabled)\"\n            class=\"ant-picker-time-panel-cell\"\n            (click)=\"selectSecond(second)\"\n            [class.ant-picker-time-panel-cell-selected]=\"isSelectedSecond(second)\"\n            [class.ant-picker-time-panel-cell-disabled]=\"second.disabled\"\n          >\n            <div class=\"ant-picker-time-panel-cell-inner\">{{ second.index | number: '2.0-0' }}</div>\n          </li>\n        </ng-container>\n      </ul>\n      <ul *ngIf=\"nzUse12Hours\" #use12HoursListElement class=\"ant-picker-time-panel-column\" style=\"position: relative;\">\n        <ng-container *ngFor=\"let range of use12HoursRange\">\n          <li\n            *ngIf=\"!nzHideDisabledOptions\"\n            (click)=\"select12Hours(range)\"\n            class=\"ant-picker-time-panel-cell\"\n            [class.ant-picker-time-panel-cell-selected]=\"isSelected12Hours(range)\"\n          >\n            <div class=\"ant-picker-time-panel-cell-inner\">{{ range.value }}</div>\n          </li>\n        </ng-container>\n      </ul>\n    </div>\n    <div *ngIf=\"!nzInDatePicker\" class=\"ant-picker-footer\">\n      <div *ngIf=\"nzAddOn\" class=\"ant-picker-footer-extra\">\n        <ng-template [ngTemplateOutlet]=\"nzAddOn\"></ng-template>\n      </div>\n      <ul class=\"ant-picker-ranges\">\n        <li class=\"ant-picker-now\">\n          <a (click)=\"onClickNow()\">\n            {{ 'Calendar.now' | nzI18n }}\n          </a>\n        </li>\n      </ul>\n    </div>\n  ","host":{"[class.ant-picker-time-panel]":"true","[class.ant-picker-time-panel-column-0]":"enabledColumns === 0 && !nzInDatePicker","[class.ant-picker-time-panel-column-1]":"enabledColumns === 1 && !nzInDatePicker","[class.ant-picker-time-panel-column-2]":"enabledColumns === 2 && !nzInDatePicker","[class.ant-picker-time-panel-column-3]":"enabledColumns === 3 && !nzInDatePicker","[class.ant-picker-time-panel-narrow]":"enabledColumns < 3","[class.ant-picker-time-panel-placement-bottomLeft]":"!nzInDatePicker","$quoted$":["[class.ant-picker-time-panel]","[class.ant-picker-time-panel-column-0]","[class.ant-picker-time-panel-column-1]","[class.ant-picker-time-panel-column-2]","[class.ant-picker-time-panel-column-3]","[class.ant-picker-time-panel-narrow]","[class.ant-picker-time-panel-placement-bottomLeft]"]},"providers":[{"provide":{"__symbolic":"reference","module":"@angular/forms","name":"NG_VALUE_ACCESSOR","line":123,"character":25},"useExisting":{"__symbolic":"reference","name":"NzTimePickerPanelComponent"},"multi":true}]}]}],"members":{"nzTimeValueAccessorDirective":[{"__symbolic":"property","decorators":[{"__symbolic":"call","expression":{"__symbolic":"reference","module":"@angular/core","name":"ViewChild","line":150,"character":3},"arguments":[{"__symbolic":"reference","name":"NzTimeValueAccessorDirective"},{"static":false}]}]}],"hourListElement":[{"__symbolic":"property","decorators":[{"__symbolic":"call","expression":{"__symbolic":"reference","module":"@angular/core","name":"ViewChild","line":152,"character":3},"arguments":["hourListElement",{"static":false}]}]}],"minuteListElement":[{"__symbolic":"property","decorators":[{"__symbolic":"call","expression":{"__symbolic":"reference","module":"@angular/core","name":"ViewChild","line":154,"character":3},"arguments":["minuteListElement",{"static":false}]}]}],"secondListElement":[{"__symbolic":"property","decorators":[{"__symbolic":"call","expression":{"__symbolic":"reference","module":"@angular/core","name":"ViewChild","line":155,"character":3},"arguments":["secondListElement",{"static":false}]}]}],"use12HoursListElement":[{"__symbolic":"property","decorators":[{"__symbolic":"call","expression":{"__symbolic":"reference","module":"@angular/core","name":"ViewChild","line":156,"character":3},"arguments":["use12HoursListElement",{"static":false}]}]}],"nzInDatePicker":[{"__symbolic":"property","decorators":[{"__symbolic":"call","expression":{"__symbolic":"reference","module":"@angular/core","name":"Input","line":158,"character":3}}]}],"nzAddOn":[{"__symbolic":"property","decorators":[{"__symbolic":"call","expression":{"__symbolic":"reference","module":"@angular/core","name":"Input","line":159,"character":3}}]}],"nzHideDisabledOptions":[{"__symbolic":"property","decorators":[{"__symbolic":"call","expression":{"__symbolic":"reference","module":"@angular/core","name":"Input","line":160,"character":3}}]}],"nzClearText":[{"__symbolic":"property","decorators":[{"__symbolic":"call","expression":{"__symbolic":"reference","module":"@angular/core","name":"Input","line":161,"character":3}}]}],"nzPlaceHolder":[{"__symbolic":"property","decorators":[{"__symbolic":"call","expression":{"__symbolic":"reference","module":"@angular/core","name":"Input","line":162,"character":3}}]}],"nzUse12Hours":[{"__symbolic":"property","decorators":[{"__symbolic":"call","expression":{"__symbolic":"reference","module":"@angular/core","name":"Input","line":163,"character":3}},{"__symbolic":"call","expression":{"__symbolic":"reference","module":"ng-zorro-antd/core/util","name":"InputBoolean","line":163,"character":12}}]}],"nzDefaultOpenValue":[{"__symbolic":"property","decorators":[{"__symbolic":"call","expression":{"__symbolic":"reference","module":"@angular/core","name":"Input","line":164,"character":3}}]}],"closePanel":[{"__symbolic":"property","decorators":[{"__symbolic":"call","expression":{"__symbolic":"reference","module":"@angular/core","name":"Output","line":166,"character":3}}]}],"nzAllowEmpty":[{"__symbolic":"property","decorators":[{"__symbolic":"call","expression":{"__symbolic":"reference","module":"@angular/core","name":"Input","line":168,"character":3}}]}],"nzDisabledHours":[{"__symbolic":"property","decorators":[{"__symbolic":"call","expression":{"__symbolic":"reference","module":"@angular/core","name":"Input","line":179,"character":3}}]}],"nzDisabledMinutes":[{"__symbolic":"property","decorators":[{"__symbolic":"call","expression":{"__symbolic":"reference","module":"@angular/core","name":"Input","line":191,"character":3}}]}],"nzDisabledSeconds":[{"__symbolic":"property","decorators":[{"__symbolic":"call","expression":{"__symbolic":"reference","module":"@angular/core","name":"Input","line":203,"character":3}}]}],"format":[{"__symbolic":"property","decorators":[{"__symbolic":"call","expression":{"__symbolic":"reference","module":"@angular/core","name":"Input","line":215,"character":3}}]}],"nzHourStep":[{"__symbolic":"property","decorators":[{"__symbolic":"call","expression":{"__symbolic":"reference","module":"@angular/core","name":"Input","line":243,"character":3}}]}],"nzMinuteStep":[{"__symbolic":"property","decorators":[{"__symbolic":"call","expression":{"__symbolic":"reference","module":"@angular/core","name":"Input","line":255,"character":3}}]}],"nzSecondStep":[{"__symbolic":"property","decorators":[{"__symbolic":"call","expression":{"__symbolic":"reference","module":"@angular/core","name":"Input","line":267,"character":3}}]}],"selectInputRange":[{"__symbolic":"method"}],"buildHours":[{"__symbolic":"method"}],"buildMinutes":[{"__symbolic":"method"}],"buildSeconds":[{"__symbolic":"method"}],"build12Hours":[{"__symbolic":"method"}],"buildTimes":[{"__symbolic":"method"}],"scrollToTime":[{"__symbolic":"method"}],"selectHour":[{"__symbolic":"method"}],"selectMinute":[{"__symbolic":"method"}],"selectSecond":[{"__symbolic":"method"}],"select12Hours":[{"__symbolic":"method"}],"scrollToSelected":[{"__symbolic":"method"}],"translateIndex":[{"__symbolic":"method"}],"scrollTo":[{"__symbolic":"method"}],"calcIndex":[{"__symbolic":"method"}],"changed":[{"__symbolic":"method"}],"touched":[{"__symbolic":"method"}],"timeDisabled":[{"__symbolic":"method"}],"onClickNow":[{"__symbolic":"method"}],"isSelectedHour":[{"__symbolic":"method"}],"isSelectedMinute":[{"__symbolic":"method"}],"isSelectedSecond":[{"__symbolic":"method"}],"isSelected12Hours":[{"__symbolic":"method"}],"__ctor__":[{"__symbolic":"constructor","parameters":[{"__symbolic":"reference","module":"@angular/core","name":"ChangeDetectorRef","line":519,"character":27},{"__symbolic":"reference","module":"ng-zorro-antd/i18n","name":"DateHelperService","line":519,"character":65}]}],"ngOnInit":[{"__symbolic":"method"}],"ngOnDestroy":[{"__symbolic":"method"}],"ngOnChanges":[{"__symbolic":"method"}],"writeValue":[{"__symbolic":"method"}],"registerOnChange":[{"__symbolic":"method"}],"registerOnTouched":[{"__symbolic":"method"}]}},"NzTimeValueAccessorDirective":{"__symbolic":"class","decorators":[{"__symbolic":"call","expression":{"__symbolic":"reference","module":"@angular/core","name":"Directive","line":10,"character":1},"arguments":[{"selector":"input[nzTime]","exportAs":"nzTime","providers":[{"provide":{"__symbolic":"reference","module":"@angular/forms","name":"NG_VALUE_ACCESSOR","line":13,"character":25},"useExisting":{"__symbolic":"reference","name":"NzTimeValueAccessorDirective"},"multi":true}]}]}],"members":{"nzTime":[{"__symbolic":"property","decorators":[{"__symbolic":"call","expression":{"__symbolic":"reference","module":"@angular/core","name":"Input","line":18,"character":3}}]}],"keyup":[{"__symbolic":"method","decorators":[{"__symbolic":"call","expression":{"__symbolic":"reference","module":"@angular/core","name":"HostListener","line":20,"character":3},"arguments":["keyup"]}]}],"blur":[{"__symbolic":"method","decorators":[{"__symbolic":"call","expression":{"__symbolic":"reference","module":"@angular/core","name":"HostListener","line":25,"character":3},"arguments":["blur"]}]}],"changed":[{"__symbolic":"method"}],"touched":[{"__symbolic":"method"}],"setRange":[{"__symbolic":"method"}],"__ctor__":[{"__symbolic":"constructor","parameters":[{"__symbolic":"reference","module":"ng-zorro-antd/i18n","name":"DateHelperService","line":48,"character":34},{"__symbolic":"reference","module":"@angular/core","name":"ElementRef","line":48,"character":73}]}],"writeValue":[{"__symbolic":"method"}],"registerOnChange":[{"__symbolic":"method"}],"registerOnTouched":[{"__symbolic":"method"}]}}},"origins":{"NzTimePickerComponent":"./time-picker.component","NzTimePickerModule":"./time-picker.module","NzTimePickerUnit":"./time-picker-panel.component","NzTimePickerPanelComponent":"./time-picker-panel.component","NzTimeValueAccessorDirective":"./time-value-accessor.directive"},"importAs":"ng-zorro-antd/time-picker"}