{"__symbolic":"module","version":4,"metadata":{"NzTooltipDirective":{"__symbolic":"class","extends":{"__symbolic":"reference","name":"NzTooltipBaseDirective"},"decorators":[{"__symbolic":"call","expression":{"__symbolic":"reference","module":"@angular/core","name":"Directive","line":26,"character":1},"arguments":[{"selector":"[nz-tooltip]","exportAs":"nzTooltip","host":{"[class.ant-tooltip-open]":"visible","$quoted$":["[class.ant-tooltip-open]"]}}]}],"members":{"specificTitle":[{"__symbolic":"property","decorators":[{"__symbolic":"call","expression":{"__symbolic":"reference","module":"@angular/core","name":"Input","line":34,"character":3},"arguments":["nzTooltipTitle"]}]}],"directiveNameTitle":[{"__symbolic":"property","decorators":[{"__symbolic":"call","expression":{"__symbolic":"reference","module":"@angular/core","name":"Input","line":35,"character":3},"arguments":["nz-tooltip"]}]}],"specificTrigger":[{"__symbolic":"property","decorators":[{"__symbolic":"call","expression":{"__symbolic":"reference","module":"@angular/core","name":"Input","line":36,"character":3},"arguments":["nzTooltipTrigger"]}]}],"specificPlacement":[{"__symbolic":"property","decorators":[{"__symbolic":"call","expression":{"__symbolic":"reference","module":"@angular/core","name":"Input","line":37,"character":3},"arguments":["nzTooltipPlacement"]}]}],"specificOrigin":[{"__symbolic":"property","decorators":[{"__symbolic":"call","expression":{"__symbolic":"reference","module":"@angular/core","name":"Input","line":38,"character":3},"arguments":["nzTooltipOrigin"]}]}],"__ctor__":[{"__symbolic":"constructor","parameterDecorators":[null,null,null,null,[{"__symbolic":"call","expression":{"__symbolic":"reference","module":"@angular/core","name":"Host","line":47,"character":5}},{"__symbolic":"call","expression":{"__symbolic":"reference","module":"@angular/core","name":"Optional","line":47,"character":13}}]],"parameters":[{"__symbolic":"reference","module":"@angular/core","name":"ElementRef","line":43,"character":16},{"__symbolic":"reference","module":"@angular/core","name":"ViewContainerRef","line":44,"character":14},{"__symbolic":"reference","module":"@angular/core","name":"ComponentFactoryResolver","line":45,"character":14},{"__symbolic":"reference","module":"@angular/core","name":"Renderer2","line":46,"character":14},{"__symbolic":"reference","module":"ng-zorro-antd/core/no-animation","name":"NzNoAnimationDirective","line":47,"character":38}]}]}},"NzToolTipComponent":{"__symbolic":"class","extends":{"__symbolic":"reference","name":"NzTooltipBaseComponent"},"decorators":[{"__symbolic":"call","expression":{"__symbolic":"reference","module":"@angular/core","name":"Component","line":53,"character":1},"arguments":[{"selector":"nz-tooltip","exportAs":"nzTooltipComponent","changeDetection":{"__symbolic":"select","expression":{"__symbolic":"reference","module":"@angular/core","name":"ChangeDetectionStrategy","line":56,"character":19},"member":"OnPush"},"encapsulation":{"__symbolic":"select","expression":{"__symbolic":"reference","module":"@angular/core","name":"ViewEncapsulation","line":57,"character":17},"member":"None"},"animations":[{"__symbolic":"reference","module":"ng-zorro-antd/core/animation","name":"zoomBigMotion","line":58,"character":15}],"template":"\n    <ng-template\n      #overlay=\"cdkConnectedOverlay\"\n      cdkConnectedOverlay\n      nzConnectedOverlay\n      [cdkConnectedOverlayOrigin]=\"origin\"\n      [cdkConnectedOverlayOpen]=\"_visible\"\n      [cdkConnectedOverlayHasBackdrop]=\"_hasBackdrop\"\n      [cdkConnectedOverlayPositions]=\"_positions\"\n      (backdropClick)=\"hide()\"\n      (detach)=\"hide()\"\n      (positionChange)=\"onPositionChange($event)\"\n    >\n      <div\n        class=\"ant-tooltip\"\n        [ngClass]=\"_classMap\"\n        [ngStyle]=\"nzOverlayStyle\"\n        [@.disabled]=\"noAnimation?.nzNoAnimation\"\n        [nzNoAnimation]=\"noAnimation?.nzNoAnimation\"\n        [@zoomBigMotion]=\"'active'\"\n      >\n        <div class=\"ant-tooltip-content\">\n          <div class=\"ant-tooltip-arrow\"></div>\n          <div class=\"ant-tooltip-inner\">\n            <ng-container *nzStringTemplateOutlet=\"nzTitle\">{{ nzTitle }}</ng-container>\n          </div>\n        </div>\n      </div>\n    </ng-template>\n  ","preserveWhitespaces":false}]}],"members":{"nzTitle":[{"__symbolic":"property","decorators":[{"__symbolic":"call","expression":{"__symbolic":"reference","module":"@angular/core","name":"Input","line":92,"character":3}}]}],"__ctor__":[{"__symbolic":"constructor","parameterDecorators":[null,[{"__symbolic":"call","expression":{"__symbolic":"reference","module":"@angular/core","name":"Host","line":94,"character":39}},{"__symbolic":"call","expression":{"__symbolic":"reference","module":"@angular/core","name":"Optional","line":94,"character":47}}]],"parameters":[{"__symbolic":"reference","module":"@angular/core","name":"ChangeDetectorRef","line":94,"character":19},{"__symbolic":"reference","module":"ng-zorro-antd/core/no-animation","name":"NzNoAnimationDirective","line":47,"character":38}]}],"isEmpty":[{"__symbolic":"method"}]}},"NzToolTipModule":{"__symbolic":"class","decorators":[{"__symbolic":"call","expression":{"__symbolic":"reference","module":"@angular/core","name":"NgModule","line":14,"character":1},"arguments":[{"declarations":[{"__symbolic":"reference","name":"NzToolTipComponent"},{"__symbolic":"reference","name":"NzTooltipDirective"}],"exports":[{"__symbolic":"reference","name":"NzToolTipComponent"},{"__symbolic":"reference","name":"NzTooltipDirective"}],"entryComponents":[{"__symbolic":"reference","name":"NzToolTipComponent"}],"imports":[{"__symbolic":"reference","module":"@angular/common","name":"CommonModule","line":18,"character":12},{"__symbolic":"reference","module":"@angular/cdk/overlay","name":"OverlayModule","line":18,"character":26},{"__symbolic":"reference","module":"ng-zorro-antd/core/outlet","name":"NzOutletModule","line":18,"character":41},{"__symbolic":"reference","module":"ng-zorro-antd/core/overlay","name":"NzOverlayModule","line":18,"character":57},{"__symbolic":"reference","module":"ng-zorro-antd/core/no-animation","name":"NzNoAnimationModule","line":18,"character":74}]}]}],"members":{}},"NzTooltipTrigger":{"__symbolic":"interface"},"NzTooltipBaseDirective":{"__symbolic":"class","members":{"nzTitle":[{"__symbolic":"property","decorators":[{"__symbolic":"call","expression":{"__symbolic":"reference","module":"@angular/core","name":"Input","line":46,"character":3}}]}],"nzContent":[{"__symbolic":"property","decorators":[{"__symbolic":"call","expression":{"__symbolic":"reference","module":"@angular/core","name":"Input","line":52,"character":3}}]}],"nzTrigger":[{"__symbolic":"property","decorators":[{"__symbolic":"call","expression":{"__symbolic":"reference","module":"@angular/core","name":"Input","line":58,"character":3}}]}],"nzPlacement":[{"__symbolic":"property","decorators":[{"__symbolic":"call","expression":{"__symbolic":"reference","module":"@angular/core","name":"Input","line":64,"character":3}}]}],"nzMouseEnterDelay":[{"__symbolic":"property","decorators":[{"__symbolic":"call","expression":{"__symbolic":"reference","module":"@angular/core","name":"Input","line":66,"character":3}}]}],"nzMouseLeaveDelay":[{"__symbolic":"property","decorators":[{"__symbolic":"call","expression":{"__symbolic":"reference","module":"@angular/core","name":"Input","line":67,"character":3}}]}],"nzOverlayClassName":[{"__symbolic":"property","decorators":[{"__symbolic":"call","expression":{"__symbolic":"reference","module":"@angular/core","name":"Input","line":68,"character":3}}]}],"nzOverlayStyle":[{"__symbolic":"property","decorators":[{"__symbolic":"call","expression":{"__symbolic":"reference","module":"@angular/core","name":"Input","line":69,"character":3}}]}],"nzVisible":[{"__symbolic":"property","decorators":[{"__symbolic":"call","expression":{"__symbolic":"reference","module":"@angular/core","name":"Input","line":70,"character":3}}]}],"nzVisibleChange":[{"__symbolic":"property","decorators":[{"__symbolic":"call","expression":{"__symbolic":"reference","module":"@angular/core","name":"Output","line":106,"character":3}}]}],"__ctor__":[{"__symbolic":"constructor","parameters":[{"__symbolic":"reference","module":"@angular/core","name":"ElementRef","line":117,"character":23},{"__symbolic":"reference","module":"@angular/core","name":"ViewContainerRef","line":118,"character":24},{"__symbolic":"reference","module":"@angular/core","name":"ComponentFactoryResolver","line":119,"character":24},{"__symbolic":"reference","module":"@angular/core","name":"Renderer2","line":120,"character":24},{"__symbolic":"reference","module":"ng-zorro-antd/core/no-animation","name":"NzNoAnimationDirective","line":121,"character":28}]}],"ngOnChanges":[{"__symbolic":"method"}],"ngAfterViewInit":[{"__symbolic":"method"}],"ngOnDestroy":[{"__symbolic":"method"}],"show":[{"__symbolic":"method"}],"hide":[{"__symbolic":"method"}],"updatePosition":[{"__symbolic":"method"}],"createComponent":[{"__symbolic":"method"}],"registerTriggers":[{"__symbolic":"method"}],"updateChangedProperties":[{"__symbolic":"method"}],"updateComponentValue":[{"__symbolic":"method"}],"delayEnterLeave":[{"__symbolic":"method"}],"removeTriggerListeners":[{"__symbolic":"method"}],"clearTogglingTimer":[{"__symbolic":"method"}]}},"NzTooltipBaseComponent":{"__symbolic":"class","members":{"overlay":[{"__symbolic":"property","decorators":[{"__symbolic":"call","expression":{"__symbolic":"reference","module":"@angular/core","name":"ViewChild","line":337,"character":3},"arguments":["overlay",{"static":false}]}]}],"__ctor__":[{"__symbolic":"constructor","parameters":[{"__symbolic":"reference","module":"@angular/core","name":"ChangeDetectorRef","line":391,"character":26},{"__symbolic":"reference","module":"ng-zorro-antd/core/no-animation","name":"NzNoAnimationDirective","line":121,"character":28}]}],"ngOnDestroy":[{"__symbolic":"method"}],"show":[{"__symbolic":"method"}],"hide":[{"__symbolic":"method"}],"updateByDirective":[{"__symbolic":"method"}],"updatePosition":[{"__symbolic":"method"}],"onPositionChange":[{"__symbolic":"method"}],"setClassMap":[{"__symbolic":"method"}],"setOverlayOrigin":[{"__symbolic":"method"}],"updateVisibilityByTitle":[{"__symbolic":"method"}],"isEmpty":[{"__symbolic":"method"}]}},"isTooltipEmpty":{"__symbolic":"function","parameters":["value"],"value":{"__symbolic":"if","condition":{"__symbolic":"binop","operator":"instanceof","left":{"__symbolic":"reference","name":"value"},"right":{"__symbolic":"reference","module":"@angular/core","name":"TemplateRef","line":472,"character":26}},"thenExpression":false,"elseExpression":{"__symbolic":"binop","operator":"||","left":{"__symbolic":"binop","operator":"===","left":{"__symbolic":"reference","name":"value"},"right":""},"right":{"__symbolic":"pre","operator":"!","operand":{"__symbolic":"call","expression":{"__symbolic":"reference","module":"ng-zorro-antd/core/util","name":"isNotNil","line":472,"character":65},"arguments":[{"__symbolic":"reference","name":"value"}]}}}}}},"origins":{"NzTooltipDirective":"./tooltip","NzToolTipComponent":"./tooltip","NzToolTipModule":"./tooltip.module","NzTooltipTrigger":"./base","NzTooltipBaseDirective":"./base","NzTooltipBaseComponent":"./base","isTooltipEmpty":"./base"},"importAs":"ng-zorro-antd/tooltip"}