{"__symbolic":"module","version":4,"metadata":{"NzCalendarModule":{"__symbolic":"class","decorators":[{"__symbolic":"call","expression":{"__symbolic":"reference","module":"@angular/core","name":"NgModule","line":18,"character":1},"arguments":[{"declarations":[{"__symbolic":"reference","name":"NzCalendarHeaderComponent"},{"__symbolic":"reference","name":"NzCalendarComponent"},{"__symbolic":"reference","name":"NzDateCellDirective"},{"__symbolic":"reference","name":"NzDateFullCellDirective"},{"__symbolic":"reference","name":"NzMonthCellDirective"},{"__symbolic":"reference","name":"NzMonthFullCellDirective"}],"exports":[{"__symbolic":"reference","name":"NzCalendarComponent"},{"__symbolic":"reference","name":"NzDateCellDirective"},{"__symbolic":"reference","name":"NzDateFullCellDirective"},{"__symbolic":"reference","name":"NzMonthCellDirective"},{"__symbolic":"reference","name":"NzMonthFullCellDirective"}],"imports":[{"__symbolic":"reference","module":"@angular/common","name":"CommonModule","line":28,"character":12},{"__symbolic":"reference","module":"@angular/forms","name":"FormsModule","line":28,"character":26},{"__symbolic":"reference","module":"ng-zorro-antd/i18n","name":"NzI18nModule","line":28,"character":39},{"__symbolic":"reference","module":"ng-zorro-antd/radio","name":"NzRadioModule","line":28,"character":53},{"__symbolic":"reference","module":"ng-zorro-antd/select","name":"NzSelectModule","line":28,"character":68},{"__symbolic":"reference","module":"ng-zorro-antd/date-picker","name":"LibPackerModule","line":28,"character":84}]}]}],"members":{}},"NzCalendarMode":{"__symbolic":"interface"},"NzCalendarComponent":{"__symbolic":"class","decorators":[{"__symbolic":"call","expression":{"__symbolic":"reference","module":"@angular/core","name":"Component","line":34,"character":1},"arguments":[{"encapsulation":{"__symbolic":"select","expression":{"__symbolic":"reference","module":"@angular/core","name":"ViewEncapsulation","line":35,"character":17},"member":"None"},"changeDetection":{"__symbolic":"select","expression":{"__symbolic":"reference","module":"@angular/core","name":"ChangeDetectionStrategy","line":36,"character":19},"member":"OnPush"},"selector":"nz-calendar","exportAs":"nzCalendar","template":"\n    <nz-calendar-header\n      [fullscreen]=\"nzFullscreen\"\n      [activeDate]=\"activeDate\"\n      [(mode)]=\"nzMode\"\n      (modeChange)=\"onModeChange($event)\"\n      (yearChange)=\"onYearSelect($event)\"\n      (monthChange)=\"onMonthSelect($event)\"\n    >\n    </nz-calendar-header>\n\n    <div class=\"ant-picker-panel\">\n      <div class=\"ant-picker-{{ nzMode === 'month' ? 'date' : 'month' }}-panel\">\n        <div class=\"ant-picker-body\">\n          <ng-container *ngIf=\"nzMode === 'month'; then monthModeTable; else yearModeTable\"></ng-container>\n        </div>\n      </div>\n    </div>\n    <ng-template #monthModeTable>\n      <!--  TODO(@wenqi73) [cellRender] [fullCellRender] -->\n      <date-table\n        [prefixCls]=\"prefixCls\"\n        [value]=\"activeDate\"\n        [activeDate]=\"activeDate\"\n        [cellRender]=\"$any(dateCell)\"\n        [fullCellRender]=\"$any(dateFullCell)\"\n        [disabledDate]=\"nzDisabledDate\"\n        (valueChange)=\"onDateSelect($event)\"\n      ></date-table>\n    </ng-template>\n\n    <!--  TODO(@wenqi73) [cellRender] [fullCellRender] -->\n    <ng-template #yearModeTable>\n      <month-table\n        [prefixCls]=\"prefixCls\"\n        [value]=\"activeDate\"\n        [activeDate]=\"activeDate\"\n        [cellRender]=\"$any(monthCell)\"\n        [fullCellRender]=\"$any(monthFullCell)\"\n        (valueChange)=\"onDateSelect($event)\"\n      ></month-table>\n    </ng-template>\n  ","host":{"[class.ant-picker-calendar]":"true","[class.ant-picker-calendar-full]":"nzFullscreen","[class.ant-picker-calendar-mini]":"!nzFullscreen","$quoted$":["[class.ant-picker-calendar]","[class.ant-picker-calendar-full]","[class.ant-picker-calendar-mini]"]},"providers":[{"provide":{"__symbolic":"reference","module":"@angular/forms","name":"NG_VALUE_ACCESSOR","line":87,"character":25},"useExisting":{"__symbolic":"reference","name":"NzCalendarComponent"},"multi":true}]}]}],"members":{"nzMode":[{"__symbolic":"property","decorators":[{"__symbolic":"call","expression":{"__symbolic":"reference","module":"@angular/core","name":"Input","line":98,"character":3}}]}],"nzValue":[{"__symbolic":"property","decorators":[{"__symbolic":"call","expression":{"__symbolic":"reference","module":"@angular/core","name":"Input","line":99,"character":3}}]}],"nzDisabledDate":[{"__symbolic":"property","decorators":[{"__symbolic":"call","expression":{"__symbolic":"reference","module":"@angular/core","name":"Input","line":100,"character":3}}]}],"nzModeChange":[{"__symbolic":"property","decorators":[{"__symbolic":"call","expression":{"__symbolic":"reference","module":"@angular/core","name":"Output","line":102,"character":3}}]}],"nzPanelChange":[{"__symbolic":"property","decorators":[{"__symbolic":"call","expression":{"__symbolic":"reference","module":"@angular/core","name":"Output","line":103,"character":3}}]}],"nzSelectChange":[{"__symbolic":"property","decorators":[{"__symbolic":"call","expression":{"__symbolic":"reference","module":"@angular/core","name":"Output","line":104,"character":3}}]}],"nzValueChange":[{"__symbolic":"property","decorators":[{"__symbolic":"call","expression":{"__symbolic":"reference","module":"@angular/core","name":"Output","line":105,"character":3}}]}],"nzDateCell":[{"__symbolic":"property","decorators":[{"__symbolic":"call","expression":{"__symbolic":"reference","module":"@angular/core","name":"Input","line":111,"character":3}}]}],"nzDateCellChild":[{"__symbolic":"property","decorators":[{"__symbolic":"call","expression":{"__symbolic":"reference","module":"@angular/core","name":"ContentChild","line":112,"character":3},"arguments":[{"__symbolic":"reference","name":"NzDateCellDirective"},{"static":false,"read":{"__symbolic":"reference","module":"@angular/core","name":"TemplateRef","line":112,"character":49}}]}]}],"nzDateFullCell":[{"__symbolic":"property","decorators":[{"__symbolic":"call","expression":{"__symbolic":"reference","module":"@angular/core","name":"Input","line":117,"character":3}}]}],"nzDateFullCellChild":[{"__symbolic":"property","decorators":[{"__symbolic":"call","expression":{"__symbolic":"reference","module":"@angular/core","name":"ContentChild","line":118,"character":3},"arguments":[{"__symbolic":"reference","name":"NzDateFullCellDirective"},{"static":false,"read":{"__symbolic":"reference","module":"@angular/core","name":"TemplateRef","line":118,"character":53}}]}]}],"nzMonthCell":[{"__symbolic":"property","decorators":[{"__symbolic":"call","expression":{"__symbolic":"reference","module":"@angular/core","name":"Input","line":123,"character":3}}]}],"nzMonthCellChild":[{"__symbolic":"property","decorators":[{"__symbolic":"call","expression":{"__symbolic":"reference","module":"@angular/core","name":"ContentChild","line":124,"character":3},"arguments":[{"__symbolic":"reference","name":"NzMonthCellDirective"},{"static":false,"read":{"__symbolic":"reference","module":"@angular/core","name":"TemplateRef","line":124,"character":50}}]}]}],"nzMonthFullCell":[{"__symbolic":"property","decorators":[{"__symbolic":"call","expression":{"__symbolic":"reference","module":"@angular/core","name":"Input","line":129,"character":3}}]}],"nzMonthFullCellChild":[{"__symbolic":"property","decorators":[{"__symbolic":"call","expression":{"__symbolic":"reference","module":"@angular/core","name":"ContentChild","line":130,"character":3},"arguments":[{"__symbolic":"reference","name":"NzMonthFullCellDirective"},{"static":false,"read":{"__symbolic":"reference","module":"@angular/core","name":"TemplateRef","line":130,"character":54}}]}]}],"nzFullscreen":[{"__symbolic":"property","decorators":[{"__symbolic":"call","expression":{"__symbolic":"reference","module":"@angular/core","name":"Input","line":135,"character":3}},{"__symbolic":"call","expression":{"__symbolic":"reference","module":"ng-zorro-antd/core/util","name":"InputBoolean","line":135,"character":12}}]}],"__ctor__":[{"__symbolic":"constructor","parameters":[{"__symbolic":"reference","module":"@angular/core","name":"ChangeDetectorRef","line":137,"character":27}]}],"onModeChange":[{"__symbolic":"method"}],"onYearSelect":[{"__symbolic":"method"}],"onMonthSelect":[{"__symbolic":"method"}],"onDateSelect":[{"__symbolic":"method"}],"writeValue":[{"__symbolic":"method"}],"registerOnChange":[{"__symbolic":"method"}],"registerOnTouched":[{"__symbolic":"method"}],"updateDate":[{"__symbolic":"method"}],"ngOnChanges":[{"__symbolic":"method"}]}},"NzDateCellDirective":{"__symbolic":"class","decorators":[{"__symbolic":"call","expression":{"__symbolic":"reference","module":"@angular/core","name":"Directive","line":7,"character":1},"arguments":[{"selector":"[nzDateCell]","exportAs":"nzDateCell"}]}],"members":{}},"NzMonthCellDirective":{"__symbolic":"class","decorators":[{"__symbolic":"call","expression":{"__symbolic":"reference","module":"@angular/core","name":"Directive","line":13,"character":1},"arguments":[{"selector":"[nzMonthCell]","exportAs":"nzMonthCell"}]}],"members":{}},"NzDateFullCellDirective":{"__symbolic":"class","decorators":[{"__symbolic":"call","expression":{"__symbolic":"reference","module":"@angular/core","name":"Directive","line":19,"character":1},"arguments":[{"selector":"[nzDateFullCell]","exportAs":"nzDateFullCell"}]}],"members":{}},"NzMonthFullCellDirective":{"__symbolic":"class","decorators":[{"__symbolic":"call","expression":{"__symbolic":"reference","module":"@angular/core","name":"Directive","line":25,"character":1},"arguments":[{"selector":"[nzMonthFullCell]","exportAs":"nzMonthFullCell"}]}],"members":{}},"NzCalendarHeaderComponent":{"__symbolic":"class","decorators":[{"__symbolic":"call","expression":{"__symbolic":"reference","module":"@angular/core","name":"Component","line":10,"character":1},"arguments":[{"encapsulation":{"__symbolic":"select","expression":{"__symbolic":"reference","module":"@angular/core","name":"ViewEncapsulation","line":11,"character":17},"member":"None"},"changeDetection":{"__symbolic":"select","expression":{"__symbolic":"reference","module":"@angular/core","name":"ChangeDetectionStrategy","line":12,"character":19},"member":"OnPush"},"selector":"nz-calendar-header","exportAs":"nzCalendarHeader","template":"\n    <div class=\"ant-picker-calendar-header\">\n      <nz-select\n        class=\"ant-picker-calendar-year-select\"\n        [nzSize]=\"size\"\n        [nzDropdownMatchSelectWidth]=\"false\"\n        [ngModel]=\"activeYear\"\n        (ngModelChange)=\"updateYear($event)\"\n      >\n        <nz-option *ngFor=\"let year of years\" [nzLabel]=\"year.label\" [nzValue]=\"year.value\"></nz-option>\n      </nz-select>\n\n      <nz-select\n        *ngIf=\"mode === 'month'\"\n        class=\"ant-picker-calendar-month-select\"\n        [nzSize]=\"size\"\n        [nzDropdownMatchSelectWidth]=\"false\"\n        [ngModel]=\"activeMonth\"\n        (ngModelChange)=\"monthChange.emit($event)\"\n      >\n        <nz-option *ngFor=\"let month of months\" [nzLabel]=\"month.label\" [nzValue]=\"month.value\"></nz-option>\n      </nz-select>\n\n      <nz-radio-group class=\"ant-picker-calendar-mode-switch\" [(ngModel)]=\"mode\" (ngModelChange)=\"modeChange.emit($event)\" [nzSize]=\"size\">\n        <label nz-radio-button nzValue=\"month\">{{ monthTypeText }}</label>\n        <label nz-radio-button nzValue=\"year\">{{ yearTypeText }}</label>\n      </nz-radio-group>\n    </div>\n  ","host":{"[style.display]":"'block'","[class.ant-fullcalendar-header]":"true","$quoted$":["[style.display]","[class.ant-fullcalendar-header]"]}}]}],"members":{"mode":[{"__symbolic":"property","decorators":[{"__symbolic":"call","expression":{"__symbolic":"reference","module":"@angular/core","name":"Input","line":50,"character":3}}]}],"fullscreen":[{"__symbolic":"property","decorators":[{"__symbolic":"call","expression":{"__symbolic":"reference","module":"@angular/core","name":"Input","line":51,"character":3}}]}],"activeDate":[{"__symbolic":"property","decorators":[{"__symbolic":"call","expression":{"__symbolic":"reference","module":"@angular/core","name":"Input","line":52,"character":3}}]}],"modeChange":[{"__symbolic":"property","decorators":[{"__symbolic":"call","expression":{"__symbolic":"reference","module":"@angular/core","name":"Output","line":54,"character":3}}]}],"yearChange":[{"__symbolic":"property","decorators":[{"__symbolic":"call","expression":{"__symbolic":"reference","module":"@angular/core","name":"Output","line":55,"character":3}}]}],"monthChange":[{"__symbolic":"property","decorators":[{"__symbolic":"call","expression":{"__symbolic":"reference","module":"@angular/core","name":"Output","line":56,"character":3}}]}],"__ctor__":[{"__symbolic":"constructor","parameters":[{"__symbolic":"reference","module":"ng-zorro-antd/i18n","name":"NzI18nService","line":84,"character":28},{"__symbolic":"reference","module":"ng-zorro-antd/i18n","name":"DateHelperService","line":84,"character":54}]}],"ngOnInit":[{"__symbolic":"method"}],"updateYear":[{"__symbolic":"method"}],"setUpYears":[{"__symbolic":"method"}],"setUpMonths":[{"__symbolic":"method"}]}}},"origins":{"NzCalendarModule":"./calendar.module","NzCalendarMode":"./calendar.component","NzCalendarComponent":"./calendar.component","NzDateCellDirective":"./calendar-cells","NzMonthCellDirective":"./calendar-cells","NzDateFullCellDirective":"./calendar-cells","NzMonthFullCellDirective":"./calendar-cells","NzCalendarHeaderComponent":"./calendar-header.component"},"importAs":"ng-zorro-antd/calendar"}