{"__symbolic":"module","version":4,"metadata":{"NzPipesModule":{"__symbolic":"class","decorators":[{"__symbolic":"call","expression":{"__symbolic":"reference","module":"@angular/core","name":"NgModule","line":11,"character":1},"arguments":[{"imports":[{"__symbolic":"reference","module":"@angular/common","name":"CommonModule","line":12,"character":12}],"exports":[{"__symbolic":"reference","name":"NzTimeRangePipe"},{"__symbolic":"reference","name":"NzToCssUnitPipe"}],"declarations":[{"__symbolic":"reference","name":"NzTimeRangePipe"},{"__symbolic":"reference","name":"NzToCssUnitPipe"}]}]}],"members":{}},"NzTimeRangePipe":{"__symbolic":"class","decorators":[{"__symbolic":"call","expression":{"__symbolic":"reference","module":"@angular/core","name":"Pipe","line":9,"character":1},"arguments":[{"name":"nzTimeRange","pure":true}]}],"members":{"transform":[{"__symbolic":"method"}]}},"NzToCssUnitPipe":{"__symbolic":"class","decorators":[{"__symbolic":"call","expression":{"__symbolic":"reference","module":"@angular/core","name":"Pipe","line":7,"character":1},"arguments":[{"name":"nzToCssUnit"}]}],"members":{"transform":[{"__symbolic":"method"}]}}},"origins":{"NzPipesModule":"./nz-pipe.module","NzTimeRangePipe":"./time-range.pipe","NzToCssUnitPipe":"./nz-css-unit.pipe"},"importAs":"ng-zorro-antd/core/pipe"}